Symbol,Time,Open,High,Low,Last,Change,%Change,Volume
META,9/4/24,506.07,516.59,504.07,512.74,0.98,0.19%,8335200
META,9/5/24,511.72,521.6295,511.15,516.86,4.12,0.80%,8640800
META,9/6/24,521.88,524.5849,498.25,500.27,-16.59,-3.21%,14744500
META,9/9/24,506.16,511.33,502.08,504.79,4.52,0.90%,11047800
META,9/10/24,508.16,514.18,500.0278,504.79,0,0.00%,9899000
META,9/11/24,507.01,513.12,495.6,511.83,7.04,1.39%,10782500
META,9/12/24,517.05,526.71,515.22,525.6,13.77,2.69%,11993300
META,9/13/24,520.34,527.581,517.11,524.62,-0.98,-0.19%,10321400
META,9/16/24,524.54,534.1,517.4,533.28,8.66,1.65%,9527600
META,9/17/24,537.6,542.1,530.57,536.315,3.035,0.57%,11690700
META,9/18/24,537.07,544.2,533.9026,537.95,1.635,0.30%,10323500
META,9/19/24,550,562.07,546.52,559.1,21.15,3.93%,15646900
META,9/20/24,560,564.5,556.3001,561.35,2.25,0.40%,22066800
META,9/23/24,569.5,573.9799,562.41,564.41,3.06,0.55%,12830600
META,9/24/24,566.68,567.745,554.19,563.33,-1.08,-0.19%,12992900
META,9/25/24,564.05,576.88,563.72,568.31,4.98,0.88%,16543300
META,9/26/24,575.73,577.4,562.3501,567.84,-0.47,-0.08%,14400700
META,9/27/24,570.1,570.8399,564.51,567.36,-0.48,-0.08%,9398300
META,9/30/24,567.7,574.68,564.8,572.44,5.08,0.90%,12807200
META,10/1/24,577.98,583.04,570.1,576.47,4.03,0.70%,15259200
META,10/2/24,574.86,576,569.34,572.81,-3.66,-0.63%,6524600
META,10/3/24,570.15,583.36,568.73,582.77,9.96,1.74%,11580900
META,10/4/24,583.73,596.85,581.43,595.94,13.17,2.26%,14199700
META,10/7/24,598.22,602.95,584.04,584.78,-11.16,-1.87%,12014100
META,10/8/24,589.69,593.56,585.97,592.89,8.11,1.39%,7857300
META,10/9/24,593.99,594.39,581.61,590.51,-2.38,-0.40%,9529700
META,10/10/24,587.57,590.23,582.52,583.83,-6.68,-1.13%,7740400
META,10/11/24,584.83,591.21,582.71,589.95,6.12,1.05%,8587000
META,10/14/24,594.22,600.1,589.96,590.42,0.47,0.08%,8251900
META,10/15/24,590.16,590.61,580.143,586.27,-4.15,-0.70%,9564200
META,10/16/24,581.4,582.08,574.03,576.79,-9.48,-1.62%,11268300
META,10/17/24,583.33,584.97,575.2,576.93,0.14,0.02%,8701100
META,10/18/24,581.1,583.9676,575.25,576.47,-0.46,-0.08%,7694200
META,10/21/24,576.03,577.24,569.11,575.16,-1.31,-0.23%,8171800
META,10/22/24,574.29,583.53,572.12,582.01,6.85,1.19%,8544400
META,10/23/24,579.97,585,562.5,563.69,-18.32,-3.15%,14248400
META,10/24/24,567.13,568.8799,561.52,567.78,4.09,0.73%,7184600
META,10/25/24,573.93,581.29,571.72,573.25,5.47,0.96%,11337800
META,10/28/24,582,583.7499,574.12,578.16,4.91,0.86%,10925100
META,10/29/24,580.15,593.67,575.398,593.28,15.12,2.62%,13019000
META,10/30/24,600.98,601.2,589.38,591.8,-1.48,-0.25%,26864900
META,10/31/24,585,589.9,563.01,567.58,-24.22,-4.09%,26838300
META,11/1/24,567.6,573.67,562.56,567.16,-0.42,-0.07%,15303200
META,11/4/24,564.1,568.69,557.89,560.68,-6.48,-1.14%,12064600
META,11/5/24,567.3,573.48,566.67,572.43,11.75,2.10%,9775200
META,11/6/24,562.75,573,555.1679,572.05,-0.38,-0.07%,18305400
META,11/7/24,576.89,594.8,575.21,591.7,19.65,3.44%,14653700
META,11/8/24,591.54,593.1,584.52,589.34,-2.36,-0.40%,9415600
META,11/11/24,586.36,587,576.51,583.17,-6.17,-1.05%,10209000
META,11/12/24,588.545,599.66,580.38,584.82,1.65,0.28%,16287700
META,11/13/24,582.6,585.64,575.17,580,-4.82,-0.82%,10757500
META,11/14/24,577,580.76,573.01,577.16,-2.84,-0.49%,11053700
META,11/15/24,571.22,572.57,551.5,554.08,-23.08,-4.00%,17712800
META,11/18/24,557.04,559.9,550.09,554.4,0.32,0.06%,14346700
META,11/19/24,551.86,561.43,550.6,561.09,6.69,1.21%,9522400
META,11/20/24,562.93,566.3499,554.2001,565.52,4.43,0.79%,9797300
META,11/21/24,569.52,570,549.05,563.09,-2.43,-0.43%,11154700
META,11/22/24,563.55,563.8273,554.5901,559.14,-3.95,-0.70%,9164000
META,11/25/24,562.1,572.5915,556.39,565.11,5.97,1.07%,13599830
META,11/26/24,566,577.5,565.2,573.54,8.43,1.49%,10356550
META,11/27/24,574.89,574.98,564.1001,569.2,-4.34,-0.76%,7200200
META,11/29/24,569,578.46,566.9,574.32,5.12,0.90%,7130500
META,12/2/24,577.5,594.5,575.57,592.83,18.51,3.22%,12522300
META,12/3/24,595,614.2,591.2501,613.65,20.82,3.51%,14907100
META,12/4/24,612.96,617.78,605.1,613.78,0.13,0.02%,14697000
META,12/5/24,617.08,619.9,607.05,608.93,-4.85,-0.79%,8081200
META,12/6/24,610.1,629.7899,608.5301,623.77,14.84,2.44%,16935500
META,12/9/24,623.92,626.4,606.1701,613.57,-10.2,-1.64%,11426000
META,12/10/24,617.56,625.59,612.74,619.32,5.75,0.94%,10938800
META,12/11/24,623.37,638.4,621.5349,632.68,13.36,2.16%,10837200
META,12/12/24,631.5,636.6599,627.2094,630.79,-1.89,-0.30%,7474700
META,12/13/24,627.22,631.08,616.886,620.35,-10.44,-1.66%,8453300
META,12/16/24,629.97,631.15,618.58,624.24,3.89,0.63%,10885600
META,12/17/24,626.17,632.37,616.54,619.44,-4.8,-0.77%,12897800
META,12/18/24,621,627.36,596.32,597.19,-22.25,-3.59%,17076400
META,12/19/24,610.39,611.52,595,595.57,-1.62,-0.27%,14958000
META,12/20/24,590.58,603.11,580,585.25,-10.32,-1.73%,48989300
META,12/23/24,589.6,601.09,586.25,599.85,14.6,2.49%,10205700
META,12/24/24,602.7151,607.99,599.2849,607.75,7.9,1.32%,4726000
META,12/26/24,605.48,606.3,598.94,603.35,-4.4,-0.72%,6091200
META,12/27/24,599.41,601.85,589.8,599.81,-3.54,-0.59%,8084200
META,12/30/24,588.75,596.9399,585.58,591.24,-8.57,-1.43%,7025800
META,12/31/24,592.27,593.97,583.85,585.51,-5.73,-0.97%,6019500
META,1/2/25,589.72,604.91,587.82,599.24,13.73,2.34%,12682200
META,1/3/25,604.76,609.5,596.4136,604.63,5.39,0.90%,11436700
META,1/6/25,611.83,630.99,605.62,630.2,25.57,4.23%,14560700
META,1/7/25,631.7,632.1011,608.23,617.89,-12.31,-1.95%,12071400
META,1/8/25,613.395,616.4397,602.79,610.72,-7.17,-1.16%,10085800
META,1/10/25,610.03,629.91,597.34,615.86,5.14,0.84%,19256500
META,1/13/25,607.1,608.97,598.445,608.33,-7.53,-1.22%,10785000
META,1/14/25,605.07,605.49,588.55,594.25,-14.08,-2.31%,13597900
META,1/15/25,610.21,622.46,606.5,617.12,22.87,3.85%,15524300
META,1/16/25,611.5,616.25,609.71,611.3,-5.82,-0.94%,8355300
META,1/17/25,624.05,624.97,603.67,612.77,1.47,0.24%,17280600
META,1/21/25,617.825,621.5,609.0082,616.46,3.69,0.60%,11674000
META,1/22/25,623.3,633.7,619.435,623.5,7.04,1.14%,12274000
META,1/23/25,627.36,636.6,621.15,636.45,12.95,2.08%,9910100
META,1/24/25,636.4,652,634.2,647.49,11.04,1.73%,19065300
META,1/27/25,626.61,663.87,625.1,659.88,12.39,1.91%,28399100
META,1/28/25,666,682.58,659.4651,674.33,14.45,2.19%,20950100
META,1/29/25,675,681.0459,665.67,676.49,2.16,0.32%,21377800
META,1/30/25,696.82,710.79,676.1,687,10.51,1.55%,29322800
META,1/31/25,691,705.3,685.58,689.18,2.18,0.32%,19331600
META,2/3/25,675.91,704,675.25,697.46,8.28,1.20%,21415700
META,2/4/25,702.5,707.71,691.61,704.19,6.73,0.96%,13826400
META,2/5/25,703.55,718.14,699.01,704.87,0.68,0.10%,17793700
META,2/6/25,705.88,718.9,703.5,711.99,7.12,1.01%,13080600
META,2/7/25,716.79,725.01,711.75,714.52,2.53,0.36%,16427000
META,2/10/25,718.56,721.2,711.33,717.4,2.88,0.40%,12904300
META,2/11/25,713.32,723.66,710.04,719.8,2.4,0.33%,12997900
META,2/12/25,715.3,727.1,712.6,725.38,5.58,0.78%,12016500
META,2/13/25,721.52,729,718.04,728.56,3.18,0.44%,12569000
META,2/14/25,726.14,740.91,725.62,736.67,8.11,1.11%,16901200
META,2/18/25,736,737,706.44,716.37,-20.3,-2.76%,21938700
META,2/19/25,704.09,707,695.39,703.77,-12.6,-1.76%,17535400
META,2/20/25,697.28,705.63,693.64,694.84,-8.93,-1.27%,12587400
META,2/21/25,696.58,703.87,682.36,683.55,-11.29,-1.62%,15660300
META,2/24/25,686.28,687.27,662.45,668.13,-15.42,-2.26%,15676900
META,2/25/25,665.972,668,641.86,657.5,-10.63,-1.59%,20579600
META,2/26/25,659.65,683.0078,658,673.7,16.2,2.46%,14488700
META,2/27/25,682.45,688.6469,657.57,658.24,-15.46,-2.29%,12500000
META,2/28/25,658.04,669.63,642.6017,668.2,9.96,1.51%,17534100
META,3/3/25,673.67,681.25,650.84,655.05,-13.15,-1.97%,10843500
META,3/4/25,645.51,649.75,623.65,640,-15.05,-2.30%,21495200
META,3/5/25,641,659.5,637.66,656.47,16.47,2.57%,13770000
META,3/6/25,648,650.5625,624.11,627.93,-28.54,-4.35%,13446400
META,3/7/25,625.37,634.79,600.61,625.66,-2.27,-0.36%,21389725
META,3/10/25,608.07,610.1059,586.8701,597.99,-27.67,-4.42%,21999900
META,3/11/25,595.055,614.934,593.33,605.71,7.72,1.29%,17401400
META,3/12/25,629.9,633.33,609.35,619.56,13.85,2.29%,15746900
META,3/13/25,620.24,620.5,586.51,590.64,-28.92,-4.67%,16480300
META,3/14/25,602.8,608.86,594.78,607.6,16.96,2.87%,12364500
META,3/17/25,607.46,613.1,598,604.9,-2.7,-0.44%,15473900
META,3/18/25,600.05,600.25,574.66,582.36,-22.54,-3.73%,20297700
META,3/19/25,584.28,592.3224,574.77,584.06,1.7,0.29%,20537400
META,3/20/25,582.76,610.2,579.51,586,1.94,0.33%,24336500
META,3/21/25,583.42,597.545,580.95,596.25,10.25,1.75%,25015800
META,3/24/25,614.97,622.54,612.2001,618.85,22.6,3.79%,15741200
META,3/25/25,626.76,633.88,621.18,626.31,7.46,1.21%,15312500
META,3/26/25,624.89,626.7499,606.61,610.98,-15.33,-2.45%,12661800
META,3/27/25,602,614.25,600.1,602.58,-8.4,-1.37%,10436500
META,3/28/25,600.31,601.75,573.92,576.74,-25.84,-4.29%,17602800
META,3/31/25,563.5,578.7,553.3,576.36,-0.38,-0.07%,21124600
META,4/1/25,570.84,589.91,570,586,9.64,1.67%,12836500
META,4/2/25,574.91,592.66,573.36,583.93,-2.07,-0.35%,13472600
META,4/3/25,546.22,552.5596,530.3,531.62,-52.31,-8.96%,34777400
META,4/4/25,506.62,518,494.2,504.73,-26.89,-5.06%,38589800
META,4/7/25,485.1,539.37,481.9,516.25,11.52,2.28%,36604800
META,4/8/25,543.25,547.43,502.86,510.45,-5.8,-1.12%,28032400
META,4/9/25,509.27,587.89,502.11,585.77,75.32,14.76%,39214500
META,4/10/25,575.49,581.3,535.3,546.29,-39.48,-6.74%,28173100
META,4/11/25,535.505,547.4,528.5901,543.57,-2.72,-0.50%,17642300
META,4/14/25,556.175,557.77,528.28,531.48,-12.09,-2.22%,14130900
META,4/15/25,532.1,537.94,517.5,521.52,-9.96,-1.87%,15558600
META,4/16/25,508.51,513.37,495.63,502.31,-19.21,-3.68%,18735000
META,4/17/25,505.25,507.3,498.0133,501.48,-0.83,-0.17%,14593500
META,4/21/25,491.33,493.5,479.8,484.66,-16.82,-3.35%,16165900
META,4/22/25,491.87,506.88,486.36,500.28,15.62,3.22%,17400900
META,4/23/25,528.53,535.3376,516.52,520.27,19.99,4.00%,18173900
META,4/24/25,518.73,533.9,517.5,533.15,12.88,2.48%,13910000
META,4/25/25,546.8,549.86,536.25,547.27,14.12,2.65%,17098900
META,4/28/25,555.64,558.49,540.5901,549.74,2.47,0.45%,15178900
META,4/29/25,546,556.5699,544.12,554.44,4.7,0.85%,11835000
META,4/30/25,538.4,549.1,529.5,549,-5.44,-0.98%,29243900
META,5/1/25,592.08,592.95,570.5,572.21,23.21,4.23%,31159000
META,5/2/25,583.46,604.34,578.33,597.02,24.81,4.34%,24739200
META,5/5/25,591.22,603.21,588.05,599.27,2.25,0.38%,13887700
META,5/6/25,592.53,596.03,586.58,587.31,-11.96,-2.00%,10600400
META,5/7/25,590.36,603.075,586.67,596.81,9.5,1.62%,13160900
META,5/8/25,606.285,611.2959,596.62,598.01,1.2,0.20%,14622800
META,5/9/25,603.72,606.97,591.7062,592.49,-5.52,-0.92%,10427200
META,5/12/25,630.92,640.3896,621.0301,639.43,46.94,7.92%,21965000
META,5/13/25,645.54,660.92,642.83,656.03,16.6,2.60%,18570800
META,5/14/25,661.21,662.67,654.31,659.36,3.33,0.51%,12348100
META,5/15/25,654.28,657.31,638.58,643.88,-15.48,-2.35%,14341800
META,5/16/25,637.96,640.44,626.15,640.34,-3.54,-0.55%,18518900
META,5/19/25,628.25,643,627.8,640.43,0.09,0.01%,9592300
META,5/20/25,636.01,639.3536,632.26,637.1,-3.33,-0.52%,6743400
META,5/21/25,631.79,646.61,630.17,635.5,-1.6,-0.25%,11464500
META,5/22/25,634.05,643.25,630.71,636.57,1.07,0.17%,8228400
META,5/23/25,624,632.445,622.65,627.06,-9.51,-1.49%,8454000
META,5/27/25,635.41,643.08,632.75,642.32,15.26,2.43%,9508300
META,5/28/25,642.6,650.88,642.5472,643.58,1.26,0.20%,9042700
META,5/29/25,651.65,653.32,639.5,645.05,1.47,0.23%,8883200
META,5/30/25,642.5,649.4099,632.7801,647.49,2.44,0.38%,16240900
META,6/2/25,644.39,673.26,644.2616,670.9,23.41,3.62%,15766200
META,6/3/25,671.45,675.58,665.03,666.85,-4.05,-0.60%,11585000
META,6/4/25,669.32,689,668.57,687.95,21.1,3.16%,14031900
META,6/5/25,691.66,694.38,682.25,684.62,-3.33,-0.48%,13120300
META,6/6/25,696.17,702.8061,691.87,697.71,13.09,1.91%,11727900
META,6/9/25,698.46,705.19,693.94,694.06,-3.65,-0.52%,12773200
META,6/10/25,701.34,703.23,691.56,702.4,8.34,1.20%,10850100
META,6/11/25,703.71,708.87,691.99,694.14,-8.26,-1.18%,9582300
META,6/12/25,693.3,695.38,687,693.36,-0.78,-0.11%,7315900
META,6/13/25,687.95,694.57,681.01,682.87,-10.49,-1.51%,9274400
META,6/16/25,699.33,707.15,693.51,702.12,19.25,2.82%,13720700
META,6/17/25,702,705.97,696.06,697.23,-4.89,-0.70%,10065900
META,6/18/25,698.18,701.59,694.9,695.77,-1.46,-0.21%,10068200
META,6/20/25,700.75,701.8197,678.67,682.35,-13.42,-1.93%,22538600
META,6/23/25,683.69,699.05,678.75,698.53,16.18,2.37%,11079800
META,6/24/25,704.89,713.19,702.11,712.2,13.67,1.96%,13823100
META,6/25/25,713.32,716.58,705.38,708.68,-3.52,-0.49%,9320400
META,6/26/25,714.35,728.22,711.05,726.09,17.41,2.46%,13964700
META,6/27/25,726.52,735.43,725.86,733.63,7.54,1.04%,18775700
META,6/30/25,744.55,747.9,734.25,738.09,4.46,0.61%,15402100
META,7/1/25,736.88,737.7499,715.37,719.22,-18.87,-2.56%,13431200
META,7/2/25,715.325,720.3,712.8,713.57,-5.65,-0.79%,9336700
META,7/3/25,726.61,729.03,714.42,719.01,5.44,0.76%,8601600
META,7/7/25,717.6,727,713.51,718.35,-0.66,-0.09%,9457000
META,7/8/25,721.57,722.9099,714.81,720.67,2.32,0.32%,7770600
META,7/9/25,722.72,737.5301,722.7151,732.78,12.11,1.68%,11417900
META,7/10/25,731.55,735.8,719.6,727.24,-5.54,-0.76%,9922200
META,7/11/25,722.49,725.16,709.7,717.51,-9.73,-1.34%,10873800
META,7/14/25,717.6,728,716.547,720.92,3.41,0.48%,8939300
META,7/15/25,723.9,724.4716,709.82,710.39,-10.53,-1.46%,11529500
META,7/16/25,713.37,713.97,699.2701,702.91,-7.48,-1.05%,13067600
META,7/17/25,704.39,705.9,697.105,701.41,-1.5,-0.21%,11803200
META,7/18/25,702.19,704.71,691.65,704.28,2.87,0.41%,12779700
META,7/21/25,706.8,717,705.76,712.965,8.685,1.23%,9404300
META,7/22/25,716.19,716.6,701.41,704.81,-8.155,-1.14%,8921000
META,7/23/25,706.36,714.6285,704.93,713.58,8.77,1.24%,8771600
META,7/24/25,717.05,723.6239,714,714.8,1.22,0.17%,10920800
META,7/25/25,716.915,720.6499,711.9,712.68,-2.12,-0.30%,8271600
META,7/28/25,715.2,724.7353,712.68,717.63,4.95,0.69%,8715700
META,7/29/25,720,724.47,699.91,700,-17.63,-2.46%,13267000
META,7/30/25,708.09,708.5,691.2001,695.21,-4.79,-0.68%,27077200
META,7/31/25,775.2,784.75,765.51,773.44,78.23,11.25%,38831100
META,8/1/25,760.73,765.9999,745.31,750.01,-23.43,-3.03%,19028700
META,8/4/25,760,776.85,758.41,776.37,26.36,3.51%,15801700
META,8/5/25,776.45,783.1299,763,763.46,-12.91,-1.66%,11640200
META,8/6/25,770,773.64,760.4601,771.99,8.53,1.12%,9733900
META,8/7/25,773.49,775,759.55,761.83,-10.16,-1.32%,9019600
META,8/8/25,762.75,769.9,758.58,769.3,7.47,0.98%,7320700
META,8/11/25,770.08,773.4584,764.67,765.87,-3.43,-0.45%,7611900
META,8/12/25,773,793.67,772.43,790,24.13,3.15%,14579700
META,8/13/25,791.15,795.4561,778.23,780.08,-9.92,-1.26%,8811700
META,8/14/25,777.88,787.81,772.51,782.13,2.05,0.26%,8116100
META,8/15/25,784.15,796.25,780.82,785.23,3.1,0.40%,13375300
META,8/18/25,775.085,775.81,756.5601,767.37,-17.86,-2.27%,16513700
META,8/19/25,767.12,767.17,749.36,751.48,-15.89,-2.07%,12286600
META,8/20/25,747.57,750.1999,731,747.72,-3.76,-0.50%,11898100
META,8/21/25,744.71,745.5,733.1101,739.1,-8.62,-1.15%,8876300
META,8/22/25,739.23,756.9,734.39,754.79,15.69,2.12%,10612600
META,8/25/25,754.82,758.88,750.13,753.3,-1.49,-0.20%,6861100
META,8/26/25,750.8,754.87,747.94,754.1,0.8,0.11%,7601800
META,8/27/25,752.3,754.1499,742.8401,747.38,-6.72,-0.89%,8315400
META,8/28/25,744,753.0548,740.795,751.11,3.73,0.50%,7467900
META,8/29/25,745.28,747.14,735.3466,738.7,-12.41,-1.65%,9070500
META,9/2/25,726.04,736,721.7306,735.11,-3.59,-0.49%,9350800
META,9/3/25,736,740.25,733.9893,737.05,1.94,0.26%,7699300
META,9/4/25,748.57,761.16,745.82,748.65,11.6,1.57%,11439000
META,9/5/25,752.615,757.95,745.03,752.45,3.8,0.51%,9663400
META,9/8/25,755.99,766.51,752.02,752.3,-0.15,-0.02%,13087800
META,9/9/25,757.49,766.3,753.43,765.7,13.4,1.78%,10999000
META,9/10/25,765.13,765.7,751,751.98,-13.72,-1.79%,12478200
META,9/11/25,754.65,757.1,748.37,750.9,-1.08,-0.14%,7923200
META,9/12/25,748.725,757.5703,743.76,755.59,4.69,0.62%,8248500
META,9/15/25,757.47,774.07,751.985,764.7,9.11,1.21%,10533700
META,9/16/25,767,781.36,765.1,779,14.3,1.87%,11782400
META,9/17/25,779.99,783.29,766.31,775.715,-3.285,-0.42%,9400800
META,9/18/25,780.75,788.78,773.36,780.25,4.535,0.58%,10954900
META,9/19/25,786.42,790.8,769.1901,778.38,-1.87,-0.24%,23696800
META,9/22/25,781.84,785.73,764.47,765.16,-13.22,-1.70%,11706900
META,9/23/25,769.25,770.6,751.07,755.4,-9.76,-1.28%,10872500
META,9/24/25,757.5,761.11,752.5251,760.66,5.26,0.70%,8828200
META,9/25/25,753.45,756.765,744.55,748.91,-11.75,-1.54%,10591000
META,9/26/25,750,751.9299,737.3532,743.75,-5.16,-0.69%,9696300
META,9/29/25,748.72,750.78,739.15,743.4,-0.35,-0.05%,9246700
META,9/30/25,742.25,742.97,726.3,734.38,-9.02,-1.21%,16226700
META,10/1/25,721.49,721.8499,710.2,717.34,-17.04,-2.32%,20419600
META,10/2/25,722.58,727.77,718.14,727.05,9.71,1.35%,11415200
META,10/3/25,729.63,731,710.18,710.56,-16.49,-2.27%,16154300
META,10/6/25,705.18,716.88,690.51,715.66,5.1,0.72%,21654700
META,10/7/25,717.72,718.4999,705.75,713.08,-2.58,-0.36%,12062900
META,10/8/25,713.45,719.65,707.81,717.84,4.76,0.67%,10790500
META,10/9/25,718.28,733.51,712.44,733.51,15.67,2.18%,12717100
META,10/10/25,730.92,735.27,704.51,705.3,-28.21,-3.85%,16980000
META,10/13/25,713.01,719.94,707.6413,715.7,10.4,1.47%,9251700
META,10/14/25,707.78,715.55,699.33,708.65,-7.05,-0.99%,8829700
META,10/15/25,717.06,723.9,709.51,717.55,8.9,1.26%,10246700
META,10/16/25,717.55,725.49,703.88,712.07,-5.48,-0.76%,9017000
META,10/17/25,707.08,718.54,706.12,716.915,4.845,0.68%,12232400
META,10/20/25,721.19,733.77,720.18,732.17,15.255,2.13%,8900200
META,10/21/25,736.02,738.5,728.75,733.27,1.1,0.15%,7647200
META,10/22/25,733.83,740.6,724.03,733.41,0.14,0.02%,8734300
META,10/23/25,734.7,742.41,733.1,734,0.59,0.08%,9855900
META,10/24/25,736.79,741.21,731.15,738.36,4.36,0.59%,9151200
META,10/27/25,749.73,755.75,748.01,750.82,12.46,1.69%,11321000
META,10/28/25,752.63,758.4,745.5201,751.44,0.62,0.08%,12193800
META,10/29/25,754.75,759.1551,742.51,751.67,0.23,0.03%,26818500
META,10/30/25,669.15,680.9599,650.17,666.47,-85.2,-11.33%,88440100
META,10/31/25,674.51,674.89,645.57,648.35,-18.12,-2.72%,56953100
META,11/3/25,656,659.33,636.18,637.71,-10.64,-1.64%,32992100
META,11/4/25,628.03,641.74,626.01,627.32,-10.39,-1.63%,27352000
METU,9/3/24,28.1,28.63,26.945,27.2,-600.12,-95.66%,85100
METU,9/4/24,26.59,27.68,26.44,27.29,0.09,0.33%,91400
METU,9/5/24,27.31,28.16,27.31,27.73,0.44,1.61%,133800
METU,9/6/24,28.2,28.47,25.74,25.9,-1.83,-6.60%,154300
METU,9/9/24,26.36,27.01,26.21,26.4,0.5,1.93%,100600
METU,9/10/24,26.66,27.27,25.9,26.38,-0.02,-0.08%,64800
METU,9/11/24,26.65,27.16,25.42,27.12,0.74,2.81%,80700
METU,9/12/24,27.6,28.64,27.45,28.56,1.44,5.31%,201500
METU,9/13/24,27.97,28.708,27.6,28.42,-0.14,-0.49%,146800
METU,9/16/24,28.4,29.47,27.72,29.39,0.97,3.41%,102200
METU,9/17/24,29.96,30.38,29.18,29.71,0.32,1.09%,178100
METU,9/18/24,29.81,30.57,29.5006,29.87,0.16,0.54%,164600
METU,9/19/24,31.25,32.5681,30.86,32.22,2.35,7.87%,443400
METU,9/20/24,32.42,32.82,31.88,32.5,0.28,0.87%,236000
METU,9/23/24,33.48,33.88,32.6017,32.81,0.31,0.95%,158500
METU,9/24/24,32.93,32.93,31.46,32.47,-0.34,-1.04%,104300
METU,9/25/24,32.58,34,32.58,33.08,0.61,1.88%,436500
METU,9/26/24,33.92,34.06,32.39,33.02,-0.06,-0.18%,219000
METU,9/27/24,33.18,33.28,32.59,32.93,-0.09,-0.27%,91000
METU,9/30/24,32.92,33.759,32.65,33.53,0.6,1.82%,137800
METU,10/1/24,34.18,34.739,33.2045,33.97,0.44,1.31%,264200
METU,10/2/24,33.8,33.8568,33.13,33.51,-0.46,-1.35%,339600
METU,10/3/24,33.17,34.71,33.07,34.63,1.12,3.34%,90000
METU,10/4/24,34.92,36.3,34.51,36.23,1.6,4.62%,199400
METU,10/7/24,36.47,37.06,34.731,34.83,-1.4,-3.86%,354900
METU,10/8/24,35.43,35.85,34.9905,35.81,0.98,2.81%,300400
METU,10/9/24,35.99,35.99,34.5,35.52,-0.29,-0.81%,132800
METU,10/10/24,35.12,35.47,34.55,34.68,-0.84,-2.36%,135700
METU,10/11/24,34.7,35.5229,34.6,35.43,0.75,2.16%,71500
METU,10/14/24,35.98,36.54,35.4,35.59,0.16,0.45%,116500
METU,10/15/24,35.39,35.39,34.2306,34.92,-0.67,-1.88%,202200
METU,10/16/24,34.3,34.31,33.475,33.81,-1.11,-3.18%,250500
METU,10/17/24,34.6,34.7,33.6427,33.83,0.02,0.06%,180500
METU,10/18/24,34.32,34.5,33.581,33.73,-0.1,-0.30%,206500
METU,10/21/24,33.64,33.76,32.8801,33.57,-0.16,-0.47%,144900
METU,10/22/24,33.37,34.52,33.37,34.36,0.79,2.35%,164600
METU,10/23/24,34.15,34.689,32.08,32.22,-2.14,-6.23%,323700
METU,10/24/24,32.65,32.7,31.93,32.65,0.43,1.33%,130300
METU,10/25/24,33.35,34.1583,33.1121,33.26,0.61,1.87%,212100
METU,10/28/24,34.23,34.45,33.3701,33.84,0.58,1.74%,312400
METU,10/29/24,34.03,35.59,33.5,35.58,1.74,5.14%,331100
METU,10/30/24,36.51,36.51,35.12,35.46,-0.12,-0.34%,1543700
METU,10/31/24,34.6,35.111,31.93,32.41,-3.05,-8.60%,964700
METU,11/1/24,32.5,33.1,31.9,32.37,-0.04,-0.12%,309200
METU,11/4/24,32.06,32.52,31.3324,31.61,-0.76,-2.35%,178500
METU,11/5/24,32.32,33,32.32,32.89,1.28,4.05%,182500
METU,11/6/24,31.94,32.97,30.92,32.89,0,0.00%,476200
METU,11/7/24,33.44,35.4755,33.34,35.13,2.24,6.81%,559100
METU,11/8/24,35.02,35.25,34.27,34.82,-0.31,-0.88%,272600
METU,11/11/24,34.41,34.49,33.34,34.12,-0.7,-2.01%,285900
METU,11/12/24,34.77,35.99,33.7701,34.28,0.16,0.47%,714700
METU,11/13/24,33.96,34.33,33.19,33.71,-0.57,-1.66%,200800
METU,11/14/24,33.36,33.6997,32.9,33.34,-0.37,-1.10%,204800
METU,11/15/24,32.65,32.67,30.4453,30.65,-2.69,-8.07%,344800
METU,11/18/24,30.98,31.29,30.23,30.66,0.01,0.03%,188900
METU,11/19/24,30.36,31.44,30.29,31.42,0.76,2.48%,139800
METU,11/20/24,31.53,31.96,30.6347,31.9,0.48,1.53%,133500
METU,11/21/24,32.25,32.3246,30.04,31.63,-0.27,-0.85%,275700
METU,11/22/24,31.68,31.68,30.67,31.14,-0.49,-1.55%,146100
METU,11/25/24,31.5,32.55,30.87,31.81,0.67,2.15%,248087
METU,11/26/24,31.8,33.16,31.8,32.69,0.88,2.77%,232773
METU,11/27/24,32.88,32.88,31.645,32.21,-0.48,-1.47%,104600
METU,11/29/24,32.13,33.2,32.04,32.79,0.58,1.80%,100100
METU,12/2/24,33.12,35.035,33.02,34.84,2.05,6.25%,336800
METU,12/3/24,35.08,37.3596,34.78,37.31,2.47,7.09%,492700
METU,12/4/24,37.05,37.76,36.25,37.28,-0.03,-0.08%,470000
METU,12/5/24,37.82,37.97,36.48,36.66,-0.62,-1.66%,285400
METU,12/6/24,36.82,39.14,36.64,38.42,1.76,4.80%,312700
METU,12/9/24,38.41,38.7566,36.33,37.19,-1.23,-3.20%,260200
METU,12/10/24,37.68,38.6199,37.14,37.86,0.67,1.80%,290600
METU,12/11/24,38.45,40.1754,38.32,39.5,1.64,4.33%,266700
METU,12/12/24,39.43,39.95,38.92,39.27,-0.23,-0.58%,150200
METU,12/13/24,38.7,39.23,37.47,37.92,-1.35,-3.44%,227800
METU,12/16/24,39.03,39.27,37.8068,38.46,0.54,1.42%,364500
METU,12/17/24,38.65,39.36,37.51,37.83,-0.63,-1.64%,309900
METU,12/18/24,37.93,38.77,34.97,34.97,-2.86,-7.56%,591600
METU,12/19/24,36.58,36.7,34.845,34.85,-0.12,-0.34%,355600
METU,12/20/24,34.08,35.71,33.51,33.54,-1.31,-3.76%,275400
METU,12/23/24,33.94,35.19,33.55,35.08,1.54,4.59%,237500
METU,12/24/24,35.42,35.99,34.98,35.99,0.91,2.59%,283400
METU,12/26/24,35.72,35.75,34.9112,35.44,-0.55,-1.53%,168000
METU,12/27/24,34.95,35.14,33.8,34.98,-0.46,-1.30%,241600
METU,12/30/24,33.63,34.59,33.3,33.94,-1.04,-2.97%,166300
METU,12/31/24,34.05,34.25,33.12,33.28,-0.66,-1.94%,336000
METU,1/2/25,33.74,35.45,33.58,34.84,1.56,4.69%,412600
METU,1/3/25,35.48,35.9199,34.4988,35.4,0.56,1.61%,320500
METU,1/6/25,36.22,38.49,35.59,38.41,3.01,8.50%,447400
METU,1/7/25,38.6,38.629,35.775,36.88,-1.53,-3.98%,452200
METU,1/8/25,36.4,36.68,35.14,36.04,-0.84,-2.28%,284500
METU,1/10/25,35.79,38.25,34.42,36.59,0.55,1.53%,815600
METU,1/13/25,35.51,35.766,34.535,35.64,-0.95,-2.60%,420300
METU,1/14/25,35.3,35.3,33.38,34.03,-1.61,-4.52%,417400
METU,1/15/25,35.9,37.2009,35.46,36.61,2.58,7.58%,593300
METU,1/16/25,35.97,36.47,35.73,35.93,-0.68,-1.86%,209300
METU,1/17/25,37.28,37.32,35,36.03,0.1,0.28%,367000
METU,1/21/25,36.59,37.01,35.7,36.44,0.41,1.14%,307600
METU,1/22/25,37.32,38.48,36.88,37.28,0.84,2.31%,607200
METU,1/23/25,37.77,38.835,37.01,38.835,1.555,4.17%,399900
METU,1/24/25,38.84,40.675,38.6,40.13,1.295,3.33%,847500
METU,1/27/25,37.41,42.12,37.41,41.64,1.51,3.76%,1871800
METU,1/28/25,42.44,44.455,41.63,43.44,1.8,4.32%,1124900
METU,1/29/25,43.59,44.29,42.3384,43.99,0.55,1.27%,1320700
METU,1/30/25,46.37,48.12,43.69,45.09,1.1,2.50%,1548000
METU,1/31/25,45.73,47.44,44.9,45.26,0.17,0.38%,791100
METU,2/3/25,43.39,47.25,43.39,46.36,1.1,2.43%,805000
METU,2/4/25,47.02,47.73,45.58,47.27,0.91,1.96%,384900
METU,2/5/25,47.19,49.1,46.5915,47.3,0.03,0.06%,624300
METU,2/6/25,47.44,49.2144,47.1401,48.24,0.94,1.99%,529000
METU,2/7/25,48.85,50.05,48.2851,48.61,0.37,0.77%,603700
METU,2/10/25,49.26,49.46,48.16,48.97,0.36,0.74%,414000
METU,2/11/25,48.33,49.8,47.96,49.31,0.34,0.69%,401700
METU,2/12/25,48.64,50.2893,48.385,50.04,0.73,1.48%,324300
METU,2/13/25,49.56,50.5004,49.03,50.43,0.39,0.78%,451900
METU,2/14/25,50.18,52.119,50.03,51.54,1.11,2.20%,506500
METU,2/18/25,51.54,51.54,47.3,48.68,-2.86,-5.55%,806800
METU,2/19/25,46.98,47.4,45.825,46.93,-1.75,-3.59%,593800
METU,2/20/25,46.1,47.1599,45.5853,45.76,-1.17,-2.49%,316800
METU,2/21/25,45.9,46.9,44.08,44.19,-1.57,-3.43%,395200
METU,2/24/25,44.44,44.59,41.5,42.21,-1.98,-4.48%,445900
METU,2/25/25,42,42.18,38.91,40.85,-1.36,-3.22%,536700
METU,2/26/25,41.06,44.02,40.99,42.89,2.04,4.99%,568400
METU,2/27/25,44.18,44.74,40.79,40.88,-2.01,-4.69%,480600
METU,2/28/25,40.9,42.19,38.9606,42.06,1.18,2.89%,449000
METU,3/3/25,42.82,43.65,39.89,40.38,-1.68,-3.99%,386100
METU,3/4/25,39.12,39.69,36.52,38.48,-1.9,-4.71%,1131800
METU,3/5/25,38.73,40.81,38.2316,40.52,2.04,5.30%,535700
METU,3/6/25,39.49,39.76,36.55,36.98,-3.54,-8.74%,526800
METU,3/7/25,36.58,37.69,33.72,36.62,-0.36,-0.97%,647306
METU,3/10/25,34.63,34.83,32.1495,33.44,-3.18,-8.68%,727500
METU,3/11/25,33.09,35.21,33.0301,34.21,0.77,2.30%,592800
METU,3/12/25,36.9,37.3386,34.69,35.81,1.6,4.68%,588600
METU,3/13/25,35.87,35.87,32,32.48,-3.33,-9.30%,1070300
METU,3/14/25,33.87,34.455,32.936,34.34,1.86,5.73%,466900
METU,3/17/25,34.33,34.88,33.25,34.02,-0.32,-0.93%,472600
METU,3/18/25,33.41,33.42,30.63,31.47,-2.55,-7.50%,647400
METU,3/19/25,31.72,32.5,30.64,31.62,0.15,0.48%,599000
METU,3/20/25,31.44,34.45,31.18,31.81,0.19,0.60%,1228300
METU,3/21/25,31.55,33.0461,31.2529,32.93,1.12,3.52%,567600
METU,3/24/25,34.9,35.7824,34.7,35.37,2.44,7.41%,908500
METU,3/25/25,36.2,36.94,35.5,36.05,0.68,1.92%,697900
METU,3/26/25,35.9,36.05,33.7815,34.28,-1.77,-4.91%,663900
METU,3/27/25,33.19,34.64,33.13,33.31,-0.97,-2.83%,454600
METU,3/28/25,33.04,33.14,30.15,30.45,-2.86,-8.59%,682000
METU,3/31/25,28.9,30.59,27.97,30.41,-0.04,-0.13%,599600
METU,4/1/25,29.87,31.7971,29.7324,31.4,0.99,3.26%,386800
METU,4/2/25,30.16,32.07,30.04,31.16,-0.24,-0.76%,621900
METU,4/3/25,27.16,27.76,25.44,25.58,-5.58,-17.91%,1530600
METU,4/4/25,23.15,24.215,21.95,22.97,-2.61,-10.20%,1971800
METU,4/7/25,21.04,26.05,20.89,23.96,0.99,4.31%,1856300
METU,4/8/25,26.51,26.85,22.79,23.48,-0.48,-2.00%,1362600
METU,4/9/25,23.4,30.53,22.71,30.33,6.85,29.17%,1811900
METU,4/10/25,29.36,29.8,25.16,26.27,-4.06,-13.39%,753000
METU,4/11/25,25.23,26.295,24.6,25.94,-0.33,-1.26%,582800
METU,4/14/25,27.19,27.28,24.55,24.82,-1.12,-4.32%,660100
METU,4/15/25,24.7,25.38,23.5,23.86,-0.96,-3.87%,1385800
METU,4/16/25,22.65,23.11,21.4999,22.11,-1.75,-7.33%,2097900
METU,4/17/25,22.39,22.493,21.7,22.01,-0.1,-0.45%,880100
METU,4/21/25,21.11,21.28,20.11,20.49,-1.52,-6.91%,693400
METU,4/22/25,21.1,22.38,20.65,21.82,1.33,6.49%,1272600
METU,4/23/25,24.3,24.86,23.23,23.53,1.71,7.84%,1368200
METU,4/24/25,23.47,24.76,23.3399,24.71,1.18,5.01%,743900
METU,4/25/25,25.97,26.24,24.9897,26.02,1.31,5.30%,1437400
METU,4/28/25,26.85,27.0298,25.3801,26.23,0.21,0.81%,1693000
METU,4/29/25,25.8,26.87,25.72,26.68,0.45,1.72%,1150500
METU,4/30/25,25.07,26.1398,24.29,25.96,-0.72,-2.70%,3851400
METU,5/1/25,30.16,30.3,28.2,28.33,2.37,9.13%,3798300
METU,5/2/25,29.4,31.475,28.92,30.81,2.48,8.75%,2194300
METU,5/5/25,30.12,31.37,29.8523,30.97,0.16,0.52%,1117400
METU,5/6/25,30.21,30.629,29.67,29.73,-1.24,-4.00%,1117100
METU,5/7/25,29.98,31.3,29.7,30.73,1,3.36%,1158200
METU,5/8/25,31.66,32.18,30.68,30.81,0.08,0.26%,1115200
METU,5/9/25,31.34,31.6841,30.17,30.21,-0.6,-1.95%,750700
METU,5/12/25,34.07,35.078,33.12,35.01,4.8,15.89%,1414100
METU,5/13/25,35.57,37.319,35.3301,36.81,1.8,5.14%,1033200
METU,5/14/25,37.42,37.51,36.6,37.15,0.34,0.92%,793900
METU,5/15/25,36.54,36.9,34.81,35.37,-1.78,-4.79%,1436300
METU,5/16/25,34.68,34.995,33.4303,34.99,-0.38,-1.07%,1121100
METU,5/19/25,33.69,35.2395,33.6,34.97,-0.02,-0.06%,563900
METU,5/20/25,34.49,34.83,34.09,34.59,-0.38,-1.09%,329600
METU,5/21/25,34.01,35.61,33.86,34.36,-0.23,-0.66%,637700
METU,5/22/25,34.26,35.24,33.92,34.53,0.17,0.49%,455000
METU,5/23/25,33.12,34.03,33.02,33.46,-1.07,-3.10%,429600
METU,5/27/25,34.44,35.148,34.075,35.07,1.61,4.81%,358600
METU,5/28/25,35.18,35.99,35.1,35.23,0.16,0.46%,350700
METU,5/29/25,36.04,36.24,34.74,35.33,0.1,0.28%,460800
METU,5/30/25,35.06,35.78,33.96,35.54,0.21,0.59%,428200
METU,6/2/25,35.26,38.4,35.26,38.21,2.67,7.51%,1117300
METU,6/3/25,38.25,38.67,37.44,37.72,-0.49,-1.28%,743400
METU,6/4/25,37.99,40.13,37.89,40.08,2.36,6.26%,907600
METU,6/5/25,40.63,40.775,39.4,39.66,-0.42,-1.05%,1156200
METU,6/6/25,41.01,41.71,40.4501,41.13,1.47,3.71%,603900
METU,6/9/25,41.18,41.99,40.69,40.69,-0.44,-1.07%,401500
METU,6/10/25,41.56,41.75,40.4,41.67,0.98,2.41%,451200
METU,6/11/25,41.81,42.31,40.41,40.66,-1.01,-2.42%,514200
METU,6/12/25,40.56,40.77,39.83,40.56,-0.1,-0.25%,300900
METU,6/13/25,39.81,40.655,39.08,39.29,-1.27,-3.13%,430000
METU,6/16/25,41.33,42.12,40.58,41.57,2.28,5.80%,1092800
METU,6/17/25,41.52,42,40.87,40.99,-0.58,-1.40%,388100
METU,6/18/25,41.04,41.47,40.68,40.76,-0.23,-0.56%,317600
METU,6/20/25,41.31,41.395,38.8,39.16,-1.6,-3.93%,394000
METU,6/23/25,39.3,41.1,38.76,41,1.84,4.70%,470900
METU,6/24/25,41.53,42.54,41.23,42.41,1.41,3.44%,619700
METU,6/25/25,42.44,42.9,41.57,42.04,-0.37,-0.87%,326200
METU,6/26/25,42.56,44.26,42.2,44.08,2.04,4.85%,810300
METU,6/27/25,44.02,45.1,43.93,44.82,0.74,1.68%,794200
METU,6/30/25,46.26,46.59,44.94,45.43,0.61,1.36%,512100
METU,7/1/25,45.27,45.3,42.63,43.06,-2.37,-5.22%,573800
METU,7/2/25,42.605,43.18,42.31,42.33,-0.73,-1.70%,475100
METU,7/3/25,43.85,44.2,42.47,42.94,0.61,1.44%,385800
METU,7/7/25,42.8,43.93,42.32,42.96,0.02,0.05%,408700
METU,7/8/25,43.34,43.38,42.5,43.18,0.22,0.51%,277500
METU,7/9/25,43.37,45.1335,43.37,44.42,1.24,2.87%,627500
METU,7/10/25,44.5,44.8401,42.9604,43.92,-0.5,-1.13%,672900
METU,7/11/25,43.26,43.53,41.7688,42.72,-1.2,-2.73%,548700
METU,7/14/25,42.64,43.9,42.64,43.04,0.32,0.75%,529500
METU,7/15/25,43.47,43.47,41.75,41.81,-1.23,-2.86%,507100
METU,7/16/25,42.22,42.22,40.53,40.88,-0.93,-2.22%,549100
METU,7/17/25,41.06,41.14,40.2524,40.73,-0.15,-0.37%,524300
METU,7/18/25,40.87,41.1,39.6079,41.06,0.33,0.81%,547500
METU,7/21/25,41.31,42.54,41.28,42.08,1.02,2.48%,574300
METU,7/22/25,42.42,42.42,40.69,41.03,-1.05,-2.50%,378500
METU,7/23/25,41.29,42.19,41.13,42.08,1.05,2.56%,411900
METU,7/24/25,42.48,43.2,42.14,42.22,0.14,0.33%,615100
METU,7/25/25,42.48,42.88,41.87,41.98,-0.24,-0.57%,443300
METU,7/28/25,42.24,43.33,41.94,42.53,0.55,1.31%,717700
METU,7/29/25,42.82,43.25,40.46,40.53,-2,-4.70%,783600
METU,7/30/25,41.41,41.41,39.4,39.95,-0.58,-1.43%,2831500
METU,7/31/25,49.13,50.0501,47.8445,48.73,8.78,21.98%,2723100
METU,8/1/25,47.17,47.73,45.19,45.77,-2.96,-6.07%,1281300
METU,8/4/25,46.93,49.08,46.91,49.01,3.24,7.08%,971900
METU,8/5/25,49.06,49.8499,47.32,47.36,-1.65,-3.37%,804300
METU,8/6/25,48.16,48.6,46.97,48.4,1.04,2.20%,454500
METU,8/7/25,48.76,48.76,46.881,47.17,-1.23,-2.54%,513100
METU,8/8/25,47.21,48.03,46.6786,47.99,0.82,1.74%,614800
METU,8/11/25,48.09,48.49,47.4,47.47,-0.52,-1.08%,565200
METU,8/12/25,48.39,50.9789,48.39,50.54,3.07,6.47%,970100
METU,8/13/25,50.57,51.1896,49,49.21,-1.33,-2.63%,622300
METU,8/14/25,48.77,50.16,48.25,49.47,0.26,0.53%,675400
METU,8/15/25,49.65,51.2,49.32,49.82,0.35,0.71%,462500
METU,8/18/25,48.54,48.66,46.1647,47.57,-2.25,-4.52%,1034300
METU,8/19/25,47.39,47.461,45.33,45.59,-1.98,-4.16%,618200
METU,8/20/25,45.1,45.35,43.0235,45.06,-0.53,-1.16%,687700
METU,8/21/25,44.7,44.7325,43.32,44.04,-1.02,-2.26%,437400
METU,8/22/25,44.03,46.08,43.3854,45.84,1.8,4.09%,698100
METU,8/25/25,45.78,46.2766,45.2701,45.68,-0.16,-0.35%,271800
METU,8/26/25,45.25,45.81,45.01,45.79,0.11,0.24%,217500
METU,8/27/25,45.57,45.71,44.38,44.87,-0.92,-2.01%,328700
METU,8/28/25,44.56,45.57,44.18,45.35,0.48,1.07%,274100
METU,8/29/25,44.6,44.84,43.3979,43.8,-1.55,-3.42%,355900
METU,9/2/25,42.4,43.4,41.7985,43.38,-0.42,-0.96%,439800
METU,9/3/25,43.51,43.92,43.26,43.56,0.18,0.41%,291500
METU,9/4/25,44.87,46.41,44.64,44.85,1.29,2.96%,708800
METU,9/5/25,45.41,46,44.455,45.29,0.44,0.98%,448300
METU,9/8/25,45.63,47,45.25,45.25,-0.04,-0.09%,482400
METU,9/9/25,45.87,46.94,45.5,46.91,1.66,3.67%,380100
METU,9/10/25,46.84,46.86,45.15,45.22,-1.69,-3.60%,733800
METU,9/11/25,45.62,45.79,44.8301,45.05,-0.17,-0.38%,365500
METU,9/12/25,44.74,45.8,44.23,45.63,0.58,1.29%,405800
METU,9/15/25,45.73,47.78,45.167,46.69,1.06,2.32%,889900
METU,9/16/25,46.91,48.655,46.6972,48.36,1.67,3.58%,766900
METU,9/17/25,48.55,48.85,46.8,48,-0.36,-0.74%,639900
METU,9/18/25,48.7,49.565,47.76,48.46,0.46,0.96%,736000
METU,9/19/25,49.28,49.75,47.1299,48.28,-0.18,-0.37%,982600
METU,9/22/25,48.6,49.16,46.6,46.65,-1.63,-3.38%,949200
METU,9/23/25,46.7,47.075,44.73,45.3,-1.35,-2.89%,538800
METU,9/24/25,45.49,45.91,44.9001,45.88,0.58,1.28%,363900
METU,9/25/25,44.97,45.3599,43.95,44.42,-1.46,-3.18%,677600
METU,9/26/25,44.52,44.66,43.04,43.81,-0.61,-1.37%,484100
METU,9/29/25,44.32,44.52,43.24,43.75,-0.06,-0.14%,750500
METU,9/30/25,43.51,43.54,41.72,42.67,-1.08,-2.47%,971400
METU,10/1/25,41.12,41.17,39.8567,40.64,-2.03,-4.76%,2743400
METU,10/2/25,41.3,41.825,40.74,41.72,1.08,2.66%,2273300
METU,10/3/25,42.04,42.135,39.77,39.8,-1.92,-4.60%,3493100
METU,10/6/25,39.15,40.5,37.57,40.36,0.56,1.41%,5488100
METU,10/7/25,40.55,40.6513,39.24,40.06,-0.3,-0.74%,3009800
METU,10/8/25,40.07,40.767,39.45,40.58,0.52,1.30%,2435700
METU,10/9/25,40.58,42.308,39.95,42.29,1.71,4.21%,2599300
METU,10/10/25,42.01,42.4777,38.96,39.05,-3.24,-7.66%,3802300
METU,10/13/25,39.89,40.6386,39.2912,40.14,1.09,2.79%,1725300
METU,10/14/25,39.23,40.13,38.32,39.35,-0.79,-1.97%,1274000
METU,10/15/25,40.27,41.0299,39.45,40.34,0.99,2.52%,1280100
METU,10/16/25,40.38,41.2,38.8101,39.67,-0.67,-1.66%,1363400
METU,10/17/25,39.18,40.36,39.01,40.22,0.55,1.39%,905700
METU,10/20/25,40.7,42.0765,40.595,41.91,1.69,4.20%,1716600
METU,10/21/25,42.28,42.605,41.51,42.01,0.1,0.24%,1074600
METU,10/22/25,42.1,42.84,40.97,42,-0.01,-0.02%,1606200
METU,10/23/25,42.08,43.0112,41.9301,42.09,0.09,0.21%,1742800
METU,10/24/25,42.39,42.855,41.73,42.54,0.45,1.07%,1719700
METU,10/27/25,43.85,44.53,43.66,44.01,1.47,3.46%,1907900
METU,10/28/25,44.25,44.85,43.375,44.03,0.02,0.05%,2464500
METU,10/29/25,44.42,44.89,43.01,44.1,0.07,0.16%,10906100
METU,10/30/25,34.36,35.76,32.21,34.05,-10.05,-22.79%,37580900
METU,10/31/25,34.84,34.86,31.91,32.2,-1.85,-5.43%,17930800
METU,11/3/25,32.94,33.24,31,31.11,-1.09,-3.39%,12742200
METU,11/4/25,30.13,31.47,29.98,30.08,-1.03,-3.31%,10027800
SPY,9/3/24,560.47,560.81,549.51,552.08,522,1735.37%,60600100
SPY,9/4/24,550.2,554.43,549.46,550.95,-1.13,-0.20%,47224900
SPY,9/5/24,550.89,553.7995,547.1,549.61,-1.34,-0.24%,44264200
SPY,9/6/24,549.94,551.6,539.44,540.36,-9.25,-1.68%,68493800
SPY,9/9/24,544.65,547.71,542.68,546.41,6.05,1.12%,40445800
SPY,9/10/24,548.36,549.15,543.38,548.79,2.38,0.44%,36394500
SPY,9/11/24,548.7,555.36,539.96,554.42,5.63,1.03%,75248600
SPY,9/12/24,555.01,559.4,552.74,559.09,4.67,0.84%,51892700
SPY,9/13/24,559.71,563.03,559.45,562.01,2.92,0.52%,39310500
SPY,9/16/24,561.74,563.11,559.9,562.84,0.83,0.15%,36656100
SPY,9/17/24,565.1,566.58,560.795,563.07,0.23,0.04%,49320900
SPY,9/18/24,563.74,568.69,560.83,561.4,-1.67,-0.30%,59044900
SPY,9/19/24,571.01,572.88,568.08,570.98,9.58,1.71%,75315400
SPY,9/20/24,567.84,569.31,565.17,568.25,-2.73,-0.48%,77503100
SPY,9/23/24,569.34,570.3325,568.1,569.67,1.42,0.25%,44116900
SPY,9/24/24,570.48,571.36,567.6,571.3,1.63,0.29%,46805600
SPY,9/25/24,571.14,571.89,568.91,570.04,-1.26,-0.22%,38428500
SPY,9/26/24,574.38,574.71,569.9,572.3,2.26,0.40%,48336000
SPY,9/27/24,573.39,574.22,570.42,571.47,-0.83,-0.15%,42100900
SPY,9/30/24,570.42,574.38,568.08,573.76,2.29,0.40%,63655400
SPY,10/1/24,573.4,574.0622,566,568.62,-5.14,-0.90%,72668700
SPY,10/2/24,567.71,569.9,565.27,568.86,0.24,0.04%,38097700
SPY,10/3/24,567.36,569.8025,565.49,567.82,-1.04,-0.18%,40846400
SPY,10/4/24,572.35,573.36,568.1,572.98,5.16,0.91%,43005100
SPY,10/7/24,571.3,571.9599,566.63,567.8,-5.18,-0.90%,49964600
SPY,10/8/24,570.42,573.78,569.5299,573.17,5.37,0.95%,37398600
SPY,10/9/24,573.16,577.71,572.55,577.14,3.97,0.69%,37912200
SPY,10/10/24,575.77,577.58,574.49,576.13,-1.01,-0.18%,44138000
SPY,10/11/24,576.05,580.33,575.91,579.58,3.45,0.60%,42267900
SPY,10/14/24,581.22,585.27,580.73,584.32,4.74,0.82%,36217200
SPY,10/15/24,584.59,584.9,578.545,579.78,-4.54,-0.78%,54203600
SPY,10/16/24,579.78,582.83,578.96,582.3,2.52,0.43%,30725400
SPY,10/17/24,585.91,586.12,582.16,582.35,0.05,0.01%,34393700
SPY,10/18/24,584.07,585.39,582.58,584.59,2.24,0.38%,37416800
SPY,10/21/24,583.85,584.85,580.6001,583.63,-0.96,-0.16%,36439000
SPY,10/22/24,581.05,584.5,580.38,583.32,-0.31,-0.05%,34183800
SPY,10/23/24,581.26,581.7086,574.415,577.99,-5.33,-0.91%,49314500
SPY,10/24/24,579.98,580.06,576.57,579.24,1.25,0.22%,34979800
SPY,10/25/24,581.51,584.46,578.08,579.04,-0.2,-0.03%,47268100
SPY,10/28/24,582.58,582.71,580.52,580.83,1.79,0.31%,30174700
SPY,10/29/24,579.85,582.907,578.43,581.77,0.94,0.16%,42899600
SPY,10/30/24,581.29,583.32,579.29,580.01,-1.76,-0.30%,41435800
SPY,10/31/24,575.56,575.63,568.44,568.64,-11.37,-1.96%,60182400
SPY,11/1/24,571.32,575.55,570.62,571.04,2.4,0.42%,45667500
SPY,11/4/24,571.18,572.5,567.89,569.81,-1.23,-0.22%,38216900
SPY,11/5/24,570.74,576.74,570.52,576.7,6.89,1.21%,39478300
SPY,11/6/24,589.2,591.93,585.39,591.04,14.34,2.49%,68181900
SPY,11/7/24,593.08,596.65,592.9999,595.61,4.57,0.77%,47233200
SPY,11/8/24,596.17,599.64,596.165,598.19,2.58,0.43%,46444800
SPY,11/11/24,599.81,600.17,597,598.76,0.57,0.10%,37586700
SPY,11/12/24,598.68,599.29,594.37,596.9,-1.86,-0.31%,43006100
SPY,11/13/24,597.37,599.23,594.96,597.19,0.29,0.05%,47388600
SPY,11/14/24,597.32,597.81,592.65,593.35,-3.84,-0.64%,38904100
SPY,11/15/24,589.72,590.2,583.86,585.75,-7.6,-1.28%,75988700
SPY,11/18/24,586.22,589.49,585.34,588.15,2.4,0.41%,37084000
SPY,11/19/24,584.71,591.045,584.03,590.3,2.15,0.37%,49412000
SPY,11/20/24,590.38,590.79,584.63,590.5,0.2,0.03%,50032500
SPY,11/21/24,593.4,595.12,587.45,593.67,3.17,0.54%,46750200
SPY,11/22/24,593.66,596.15,593.1525,595.51,1.84,0.31%,38226300
SPY,11/25/24,599.52,600.86,595.2,597.53,2.02,0.34%,42441393
SPY,11/26/24,598.8,601.33,598.07,600.65,3.12,0.52%,45621288
SPY,11/27/24,600.46,600.85,597.28,598.83,-1.82,-0.30%,34000100
SPY,11/29/24,599.66,603.35,599.3805,602.55,3.72,0.62%,30177300
SPY,12/2/24,602.97,604.32,602.47,603.63,1.08,0.18%,31745900
SPY,12/3/24,603.39,604.16,602.341,603.91,0.28,0.05%,26906600
SPY,12/4/24,605.63,607.91,604.95,607.66,3.75,0.62%,42787500
SPY,12/5/24,607.66,608.48,606.305,606.66,-1,-0.16%,28762100
SPY,12/6/24,607.44,609.07,607.02,607.81,1.15,0.19%,31241500
SPY,12/9/24,607.69,607.86,604.08,604.68,-3.13,-0.51%,34742700
SPY,12/10/24,605.37,605.8,602.13,602.8,-1.88,-0.31%,37234500
SPY,12/11/24,605.78,608.435,605.5,607.46,4.66,0.77%,28677700
SPY,12/12/24,606.58,607.16,604.33,604.33,-3.13,-0.52%,31543800
SPY,12/13/24,606.4,607.13,602.81,604.21,-0.12,-0.02%,35904700
SPY,12/16/24,606,607.7795,605.21,606.79,2.58,0.43%,43695100
SPY,12/17/24,604.19,605.17,602.885,604.29,-2.5,-0.41%,55773500
SPY,12/18/24,603.98,606.405,585.89,586.28,-18.01,-2.98%,108248700
SPY,12/19/24,591.36,593,585.85,586.1,-0.18,-0.03%,85919400
SPY,12/20/24,581.77,595.75,580.91,591.15,5.05,0.86%,125716600
SPY,12/23/24,590.89,595.3,587.661,594.69,3.54,0.60%,57635800
SPY,12/24/24,596.06,601.34,595.47,601.3,6.61,1.11%,33160000
SPY,12/26/24,599.5,602.48,598.0825,601.34,0.04,0.01%,41338800
SPY,12/27/24,597.54,597.7761,590.7647,595.01,-6.33,-1.05%,64969300
SPY,12/30/24,587.89,591.74,584.41,588.22,-6.79,-1.14%,56578700
SPY,12/31/24,589.91,590.6399,584.42,586.08,-2.14,-0.36%,57052600
SPY,1/2/25,589.39,591.13,580.5,584.64,-1.44,-0.25%,50203900
SPY,1/3/25,587.53,592.6,586.43,591.95,7.31,1.25%,37888400
SPY,1/6/25,596.27,599.7,593.6,595.36,3.41,0.58%,47679400
SPY,1/7/25,597.42,597.75,586.78,588.63,-6.73,-1.13%,60393000
SPY,1/8/25,588.7,590.5799,585.195,589.49,0.86,0.15%,47304600
SPY,1/10/25,585.88,585.95,578.55,580.49,-9,-1.53%,73105000
SPY,1/13/25,575.77,581.75,575.35,581.39,0.9,0.16%,47910000
SPY,1/14/25,584.36,585,578.35,582.19,0.8,0.14%,48420500
SPY,1/15/25,590.33,593.94,589.195,592.78,10.59,1.82%,56900100
SPY,1/16/25,594.175,594.35,590.93,591.64,-1.14,-0.19%,43319600
SPY,1/17/25,596.96,599.36,595.61,597.58,5.94,1.00%,58070600
SPY,1/21/25,600.67,603.06,598.67,603.05,5.47,0.92%,42532800
SPY,1/22/25,605.92,607.82,605.36,606.44,3.39,0.56%,48195900
SPY,1/23/25,605.8,609.75,605.52,609.75,3.31,0.55%,41152100
SPY,1/24/25,609.81,610.78,606.8,607.97,-1.78,-0.29%,34604600
SPY,1/27/25,594.81,599.69,594.64,599.37,-8.6,-1.41%,70361100
SPY,1/28/25,600.62,605.37,597.25,604.52,5.15,0.86%,44433300
SPY,1/29/25,603.72,604.13,599.22,601.81,-2.71,-0.45%,37177400
SPY,1/30/25,603.96,606.6,600.715,605.04,3.23,0.54%,39281200
SPY,1/31/25,607.5,609.96,601.05,601.82,-3.22,-0.53%,66671400
SPY,2/3/25,592.67,600.29,590.49,597.77,-4.05,-0.67%,65857200
SPY,2/4/25,597.83,602.3,597.28,601.78,4.01,0.67%,33457800
SPY,2/5/25,600.64,604.37,598.58,604.22,2.44,0.41%,30653100
SPY,2/6/25,605.99,606.4525,602.63,606.32,2.1,0.35%,35771500
SPY,2/7/25,606.89,608.13,600.05,600.77,-5.55,-0.92%,50788500
SPY,2/10/25,604.03,605.4999,602.74,604.85,4.08,0.68%,26048700
SPY,2/11/25,602.55,605.86,602.43,605.31,0.46,0.08%,30056700
SPY,2/12/25,599.2,604.55,598.51,603.36,-1.95,-0.32%,45076000
SPY,2/13/25,604.48,609.94,603.2,609.73,6.37,1.06%,40921200
SPY,2/14/25,609.94,610.99,609.07,609.7,-0.03,0.00%,26910400
SPY,2/18/25,610.88,611.49,608.38,611.49,1.79,0.29%,26749000
SPY,2/19/25,610.08,613.23,609.56,612.93,1.44,0.24%,31011000
SPY,2/20/25,611.54,611.684,607.02,610.38,-2.55,-0.42%,36554000
SPY,2/21/25,610.16,610.3,599.47,599.94,-10.44,-1.71%,76519800
SPY,2/24/25,602.02,603.03,596.49,597.21,-2.73,-0.46%,50737200
SPY,2/25/25,597.15,597.89,589.56,594.24,-2.97,-0.50%,58266400
SPY,2/26/25,595.93,599.58,591.8556,594.54,0.3,0.05%,43321500
SPY,2/27/25,596.85,598.02,584.65,585.05,-9.49,-1.60%,74196600
SPY,2/28/25,585.56,594.72,582.44,594.18,9.13,1.56%,88744100
SPY,3/3/25,596.18,597.34,579.9,583.77,-10.41,-1.75%,74249200
SPY,3/4/25,579.71,585.39,572.25,576.86,-6.91,-1.18%,109648200
SPY,3/5/25,576.69,584.88,573.0795,583.06,6.2,1.07%,71230500
SPY,3/6/25,575.48,580.1736,570.12,572.71,-10.35,-1.78%,80094800
SPY,3/7/25,570.9,577.39,565.63,575.92,3.21,0.56%,81226642
SPY,3/10/25,567.59,569.54,555.59,560.58,-15.34,-2.66%,99326600
SPY,3/11/25,559.4,564.02,552.02,555.92,-4.66,-0.83%,88102100
SPY,3/12/25,562.17,563.11,553.69,558.87,2.95,0.53%,69588100
SPY,3/13/25,558.49,559.105,549.68,551.42,-7.45,-1.33%,74079400
SPY,3/14/25,556.11,563.83,551.4917,562.81,11.39,2.07%,62660300
SPY,3/17/25,562.79,569.71,562.35,567.15,4.34,0.77%,49008700
SPY,3/18/25,564.8,565.02,559.06,561.02,-6.13,-1.08%,66041400
SPY,3/19/25,562.83,570.95,561.63,567.13,6.11,1.09%,66555900
SPY,3/20/25,563.33,570.57,562.6012,565.49,-1.64,-0.29%,62958100
SPY,3/21/25,559.28,564.89,558.03,563.98,-1.51,-0.27%,83762900
SPY,3/24/25,570.8,575.15,570.2,574.08,10.1,1.79%,58766800
SPY,3/25/25,575.3,576.41,573.69,575.46,1.38,0.24%,38355700
SPY,3/26/25,575.19,576.33,567.19,568.59,-6.87,-1.19%,52228800
SPY,3/27/25,567.18,570.9,564.94,567.08,-1.51,-0.27%,42164200
SPY,3/28/25,565.53,566.2675,555.07,555.66,-11.42,-2.01%,71662600
SPY,3/31/25,549.83,560.7112,546.87,559.39,3.73,0.67%,95328200
SPY,4/1/25,557.45,562.94,553.68,560.97,1.58,0.28%,54609600
SPY,4/2/25,555.05,567.42,554.81,564.52,3.55,0.63%,76014500
SPY,4/3/25,545.11,547.97,536.7,536.7,-27.82,-4.93%,125986000
SPY,4/4/25,523.67,525.87,505.06,505.28,-31.42,-5.85%,217965100
SPY,4/7/25,489.19,523.17,481.8,504.38,-0.9,-0.18%,256611300
SPY,4/8/25,521.86,524.98,489.16,496.48,-7.9,-1.57%,165816500
SPY,4/9/25,493.44,548.62,493.05,548.62,52.14,10.50%,241867300
SPY,4/10/25,532.17,533.495,509.32,524.58,-24.04,-4.38%,162331200
SPY,4/11/25,523.01,536.43,520.07,533.94,9.36,1.78%,97866300
SPY,4/14/25,544.05,544.28,533.86,539.12,5.18,0.97%,68033900
SPY,4/15/25,539.67,543.23,536.81,537.61,-1.51,-0.28%,56892800
SPY,4/16/25,531.68,537.8854,520.29,525.66,-11.95,-2.22%,83484800
SPY,4/17/25,527.64,531.165,523.91,526.41,0.75,0.14%,79868000
SPY,4/21/25,521.16,521.7,508.46,513.88,-12.53,-2.38%,69368100
SPY,4/22/25,520.14,529.305,519.1925,527.25,13.37,2.60%,75948100
SPY,4/23/25,540.43,545.43,533.88,535.42,8.17,1.55%,90590600
SPY,4/24/25,536.715,547.43,535.4504,546.69,11.27,2.10%,64150400
SPY,4/25/25,546.65,551.05,543.69,550.64,3.95,0.72%,61119500
SPY,4/28/25,551.39,553.55,545.02,550.85,0.21,0.04%,47613700
SPY,4/29/25,548.91,555.45,548.55,554.32,3.47,0.63%,47775100
SPY,4/30/25,547.57,556.52,541.52,554.54,0.22,0.04%,93101400
SPY,5/1/25,560.37,564.0699,557.86,558.47,3.93,0.71%,63186100
SPY,5/2/25,564.73,568.38,562.38,566.76,8.29,1.48%,60717200
SPY,5/5/25,562.57,566.65,561.7,563.51,-3.25,-0.57%,38659200
SPY,5/6/25,557.93,563.3476,556.96,558.8,-4.71,-0.84%,48264700
SPY,5/7/25,560.15,563.82,556.04,561.15,2.35,0.42%,55733200
SPY,5/8/25,565.24,570.31,561.7,565.06,3.91,0.70%,65130700
SPY,5/9/25,566.48,567.5,562.7637,564.34,-0.72,-0.13%,37603400
SPY,5/12/25,581.47,583,577.04,582.99,18.65,3.30%,78993500
SPY,5/13/25,583.41,589.08,582.84,586.84,3.85,0.66%,67947200
SPY,5/14/25,587.81,588.98,585.535,587.59,0.75,0.13%,66283500
SPY,5/15/25,585.56,590.97,585.0969,590.46,2.87,0.49%,71268100
SPY,5/16/25,591.25,594.5,589.28,594.2,3.74,0.63%,76052100
SPY,5/19/25,588.1,595.54,588.1,594.85,0.65,0.11%,68168500
SPY,5/20/25,593.09,594.05,589.6,592.85,-2,-0.34%,60614400
SPY,5/21/25,588.44,592.58,581.82,582.86,-9.99,-1.69%,95197600
SPY,5/22/25,582.66,586.62,581.405,583.09,0.23,0.04%,70860400
SPY,5/23/25,575.98,581.8101,575.6,579.11,-3.98,-0.68%,76029000
SPY,5/27/25,586.07,591.31,578.43,591.15,12.04,2.08%,72588400
SPY,5/28/25,591.56,592.7688,586.985,587.73,-3.42,-0.58%,68445500
SPY,5/29/25,593.06,593.2,586.07,590.05,2.32,0.39%,70073700
SPY,5/30/25,588.93,591.1299,583.235,589.39,-0.66,-0.11%,90601200
SPY,6/2/25,587.76,592.79,585.06,592.71,3.32,0.56%,61630500
SPY,6/3/25,592.34,597.08,591.85,596.09,3.38,0.57%,63606200
SPY,6/4/25,596.96,597.95,595.49,595.93,-0.16,-0.03%,57314200
SPY,6/5/25,597.63,599,591.05,593.05,-2.88,-0.48%,92436300
SPY,6/6/25,598.66,600.83,596.86,599.14,6.09,1.03%,66588700
SPY,6/9/25,599.72,601.25,598.49,599.68,0.54,0.09%,53016400
SPY,6/10/25,600.22,603.47,599.09,603.08,3.4,0.57%,66246900
SPY,6/11/25,604.19,605.06,599.27,601.36,-1.72,-0.29%,73658200
SPY,6/12/25,600.01,603.75,599.52,603.75,2.39,0.40%,64121700
SPY,6/13/25,598.5,601.85,595.48,597,-6.75,-1.12%,89505900
SPY,6/16/25,600.4,604.45,600.22,602.68,5.68,0.95%,79984100
SPY,6/17/25,600.21,601.75,596.76,597.53,-5.15,-0.85%,82209300
SPY,6/18/25,598.44,601.22,596.47,597.44,-0.09,-0.02%,76605000
SPY,6/20/25,598.38,599.46,592.86,594.28,-3.16,-0.53%,94051300
SPY,6/23/25,595.04,600.54,591.89,600.15,5.87,0.99%,87426000
SPY,6/24/25,604.33,607.8499,603.41,606.78,6.63,1.10%,67735200
SPY,6/25/25,607.91,608.61,605.54,607.12,0.34,0.06%,62114700
SPY,6/26/25,608.99,612.31,608.37,611.87,4.75,0.78%,78548300
SPY,6/27/25,612.88,616.39,610.83,614.91,3.04,0.50%,86258400
SPY,6/30/25,617.38,619.22,615.04,617.85,2.94,0.48%,92502500
SPY,7/1/25,616.36,618.83,615.52,617.65,-0.2,-0.03%,70030100
SPY,7/2/25,617.24,620.49,616.61,620.45,2.8,0.45%,66510300
SPY,7/3/25,622.45,626.28,622.43,625.34,4.89,0.79%,51065700
SPY,7/7/25,623.36,624.03,617.87,620.68,-4.66,-0.75%,74814500
SPY,7/8/25,621.35,622.11,619.52,620.34,-0.34,-0.05%,59024500
SPY,7/9/25,622.77,624.72,620.9105,624.06,3.72,0.60%,66113300
SPY,7/10/25,624.2,626.8701,623.01,625.82,1.76,0.28%,57528900
SPY,7/11/25,622.74,624.86,621.53,623.62,-2.2,-0.35%,63670200
SPY,7/14/25,623.16,625.1581,621.7999,624.81,1.19,0.19%,51898500
SPY,7/15/25,627.52,627.86,622.06,622.14,-2.67,-0.43%,74317200
SPY,7/16/25,623.74,624.73,618.05,624.22,2.08,0.33%,88987500
SPY,7/17/25,624.4,628.4048,624.18,628.04,3.82,0.61%,68885600
SPY,7/18/25,629.3,629.47,626.46,627.58,-0.46,-0.07%,65621600
SPY,7/21/25,628.77,631.54,628.34,628.77,1.19,0.19%,63374900
SPY,7/22/25,629.1,629.73,626.19,628.86,0.09,0.01%,60046200
SPY,7/23/25,631.55,634.21,629.73,634.21,5.35,0.85%,70511000
SPY,7/24/25,634.6,636.15,633.99,634.42,0.21,0.03%,71307100
SPY,7/25/25,635.09,637.5799,634.84,637.1,2.68,0.42%,56865300
SPY,7/28/25,637.48,638.04,635.54,636.94,-0.16,-0.03%,54917100
SPY,7/29/25,638.35,638.67,634.335,635.26,-1.68,-0.26%,60556200
SPY,7/30/25,635.92,637.68,631.54,634.46,-0.8,-0.13%,80418800
SPY,7/31/25,639.46,639.85,630.765,632.08,-2.38,-0.38%,103385200
SPY,8/1/25,626.3,626.34,619.29,621.72,-10.36,-1.64%,140103500
SPY,8/4/25,625.67,631.215,625.58,631.17,9.45,1.52%,73218000
SPY,8/5/25,631.79,632.6052,627.04,627.97,-3.2,-0.51%,68051400
SPY,8/6/25,629.05,633.44,628.13,632.78,4.81,0.77%,64357500
SPY,8/7/25,636.24,636.98,629.11,632.25,-0.53,-0.08%,74205700
SPY,8/8/25,634.06,637.645,633.74,637.18,4.93,0.78%,64051600
SPY,8/11/25,637.46,638.95,634.66,635.92,-1.26,-0.20%,58742300
SPY,8/12/25,638.29,642.85,636.79,642.69,6.77,1.06%,64821800
SPY,8/13/25,644.91,646.19,642.68,644.89,2.2,0.34%,60092700
SPY,8/14/25,642.79,645.62,642.34,644.95,0.06,0.01%,59327400
SPY,8/15/25,645.99,646.09,642.5153,643.44,-1.51,-0.23%,68592500
SPY,8/18/25,642.86,644,642.18,643.3,-0.14,-0.02%,43804900
SPY,8/19/25,643.12,644.105,638.48,639.81,-3.49,-0.54%,69750700
SPY,8/20/25,639.4,639.66,632.95,638.11,-1.7,-0.27%,88890300
SPY,8/21/25,636.28,637.97,633.81,635.55,-2.56,-0.40%,54805700
SPY,8/22/25,637.76,646.5,637.25,645.31,9.76,1.54%,84083200
SPY,8/25/25,644.04,645.29,642.35,642.47,-2.84,-0.44%,51274300
SPY,8/26/25,642.2,645.51,641.57,645.16,2.69,0.42%,51581500
SPY,8/27/25,644.57,647.37,644.42,646.63,1.47,0.23%,48341000
SPY,8/28/25,647.24,649.48,645.34,648.92,2.29,0.35%,61519400
SPY,8/29/25,647.47,647.84,643.14,645.05,-3.87,-0.60%,74522100
SPY,9/2/25,637.5,640.49,634.92,640.27,-4.78,-0.74%,81983500
SPY,9/3/25,642.67,644.21,640.46,643.74,3.47,0.54%,70820900
SPY,9/4/25,644.42,649.15,643.51,649.12,5.38,0.84%,65219200
SPY,9/5/25,651.48,652.21,643.33,647.24,-1.88,-0.29%,85178900
SPY,9/8/25,648.62,649.84,647.23,648.83,1.59,0.25%,63133100
SPY,9/9/25,648.97,650.86,647.22,650.33,1.5,0.23%,66133800
SPY,9/10/25,653.62,654.55,650.63,652.21,1.88,0.29%,78034500
SPY,9/11/25,654.18,658.33,653.59,657.63,5.42,0.83%,69934300
SPY,9/12/25,657.6,659.11,656.9,657.41,-0.22,-0.03%,72780100
SPY,9/15/25,659.64,661.04,659.34,660.91,3.5,0.53%,63772400
SPY,9/16/25,661.47,661.78,659.21,660,-0.91,-0.14%,61168900
SPY,9/17/25,660.01,661.72,654.3,659.18,-0.82,-0.12%,101952200
SPY,9/18/25,661.89,664.89,660.27,662.26,3.08,0.47%,90459200
SPY,9/19/25,662.33,664.55,660.37,663.7,1.44,0.22%,97945600
SPY,9/22/25,662.2,667.29,662.17,666.84,3.14,0.47%,69452200
SPY,9/23/25,666.72,667.34,661.98,663.21,-3.63,-0.54%,81708800
SPY,9/24/25,664.51,664.61,659.67,661.1,-2.11,-0.32%,68082200
SPY,9/25/25,657.94,659.4056,654.405,658.05,-3.05,-0.46%,89622000
SPY,9/26/25,659.51,662.37,657.88,661.82,3.77,0.57%,69179200
SPY,9/29/25,664.36,665.28,661.86,663.68,1.86,0.28%,73499000
SPY,9/30/25,662.93,666.65,661.61,666.18,2.5,0.38%,86288000
SPY,10/1/25,663.17,669.37,663.06,668.45,2.27,0.34%,72545300
SPY,10/2/25,670.45,670.565,666.78,669.22,0.77,0.12%,56895900
SPY,10/3/25,669.99,672.675,668.16,669.21,-0.01,0.00%,70494300
SPY,10/6/25,671.62,672.51,669.455,671.61,2.4,0.36%,54623200
SPY,10/7/25,672.54,672.99,667.67,669.12,-2.49,-0.37%,72020000
SPY,10/8/25,670.25,673.2056,669.42,673.11,3.99,0.60%,60702200
SPY,10/9/25,673.53,673.94,669.21,671.16,-1.95,-0.29%,66501900
SPY,10/10/25,672.13,673.95,652.84,653.02,-18.14,-2.70%,159422500
SPY,10/13/25,660.65,665.13,659.7679,663.04,10.02,1.53%,79560500
SPY,10/14/25,657.17,665.83,653.17,662.23,-0.81,-0.12%,88779500
SPY,10/15/25,666.82,670.23,658.93,665.17,2.94,0.44%,81702500
SPY,10/16/25,666.82,668.71,657.11,660.64,-4.53,-0.68%,110563300
SPY,10/17/25,659.5,665.755,658.14,664.39,3.75,0.57%,96500800
SPY,10/20/25,667.32,672.21,667.27,671.3,6.91,1.04%,60493300
SPY,10/21/25,671.44,672.99,669.981,671.29,-0.01,0.00%,56249000
SPY,10/22/25,672,672,663.3,667.8,-3.49,-0.52%,80564000
SPY,10/23/25,668.12,672.7101,667.8,671.76,3.96,0.59%,65604400
SPY,10/24/25,676.46,678.47,675.65,677.25,5.49,0.82%,74356500
SPY,10/27/25,682.73,685.54,682.115,685.24,7.99,1.18%,63339700
SPY,10/28/25,687.05,688.905,684.83,687.06,1.82,0.27%,61738000
SPY,10/29/25,688.72,689.7,682.87,687.39,0.33,0.05%,85362200
SPY,10/30/25,683.9,685.94,679.83,679.83,-7.56,-1.10%,76335700
SPY,10/31/25,685.04,685.08,679.24,682.06,2.23,0.33%,87164100
SPY,11/3/25,685.67,685.8,679.94,683.34,1.28,0.19%,57315000
SPY,11/4/25,676.11,679.96,674.58,675.24,-8.1,-1.19%,78426900
SPYU,9/3/24,43.49,43.57,40.02,40.83,-634.41,-93.95%,1053000
SPYU,9/4/24,40.13,41.47,40.02,40.38,-0.45,-1.10%,553800
SPYU,9/5/24,40.38,41.24,39.29,40.02,-0.36,-0.89%,418500
SPYU,9/6/24,39.99,40.441,36.97,37.23,-2.79,-6.97%,1060900
SPYU,9/9/24,38.37,39.2,37.86,38.82,1.59,4.27%,744300
SPYU,9/10/24,39.39,39.54,38,39.5,0.68,1.75%,444700
SPYU,9/11/24,39.43,41.339,36.9,41.04,1.54,3.90%,1177600
SPYU,9/12/24,41.21,42.51,40.59,42.39,1.35,3.29%,740500
SPYU,9/13/24,42.5,43.51,42.47,43.18,0.79,1.86%,789800
SPYU,9/16/24,43.08,43.51,42.52,43.42,0.24,0.56%,508300
SPYU,9/17/24,44.11,44.54,42.79,43.49,0.07,0.16%,841800
SPYU,9/18/24,43.62,45.17,42.74,42.91,-0.58,-1.33%,1212900
SPYU,9/19/24,45.81,46.39,44.94,45.77,2.86,6.67%,1551000
SPYU,9/20/24,45.27,45.7,44.39,45.31,-0.46,-1.01%,717200
SPYU,9/23/24,45.71,45.98,45.3,45.74,0.43,0.95%,874400
SPYU,9/24/24,46.02,46.25,45.08,46.23,0.49,1.07%,674500
SPYU,9/25/24,46.2,46.43,45.47,45.83,-0.4,-0.87%,479400
SPYU,9/26/24,47.21,47.29,45.8,46.53,0.7,1.53%,544600
SPYU,9/27/24,46.78,47,45.79,46.13,-0.4,-0.86%,570900
SPYU,9/30/24,45.78,47.02,45.02,46.89,0.76,1.65%,590100
SPYU,10/1/24,46.65,46.7091,44.28,45.11,-1.78,-3.80%,1351700
SPYU,10/2/24,44.78,45.46,44.02,45.16,0.05,0.11%,591300
SPYU,10/3/24,44.65,45.4,44.04,44.74,-0.42,-0.93%,1047300
SPYU,10/4/24,46.12,46.4,44.8,46.28,1.54,3.44%,843300
SPYU,10/7/24,45.73,45.93,44.25,44.57,-1.71,-3.69%,677200
SPYU,10/8/24,45.35,46.3999,45.09,46.19,1.62,3.63%,607200
SPYU,10/9/24,46.21,47.63,46,47.44,1.25,2.71%,610700
SPYU,10/10/24,46.97,47.57,46.57,47.1,-0.34,-0.72%,626300
SPYU,10/11/24,46.94,48.34,46.92,48.1,1,2.12%,839200
SPYU,10/14/24,48.64,49.93,48.5,49.6,1.5,3.12%,724500
SPYU,10/15/24,49.73,49.79,47.69,48.07,-1.53,-3.08%,627300
SPYU,10/16/24,48.04,49.02,47.76,48.82,0.75,1.56%,639700
SPYU,10/17/24,50.02,50.08,48.76,48.79,-0.03,-0.06%,811400
SPYU,10/18/24,49.31,49.73,48.8143,49.42,0.63,1.29%,1015500
SPYU,10/21/24,49.16,49.5,48.0702,49.09,-0.33,-0.67%,704100
SPYU,10/22/24,48.21,49.3296,47.98,48.93,-0.16,-0.33%,519900
SPYU,10/23/24,48.21,48.35,45.94,47.11,-1.82,-3.72%,901800
SPYU,10/24/24,47.75,47.75,46.63,47.44,0.33,0.70%,542700
SPYU,10/25/24,48.14,49.08,47,47.32,-0.12,-0.25%,950700
SPYU,10/28/24,48.43,48.43,47.76,47.81,0.49,1.04%,486700
SPYU,10/29/24,47.51,48.49,47.021,48.07,0.26,0.54%,499700
SPYU,10/30/24,47.95,48.58,47.28,47.46,-0.61,-1.27%,570800
SPYU,10/31/24,46.03,46.03,43.66,43.67,-3.79,-7.99%,1104900
SPYU,11/1/24,44.44,45.75,44.24,44.34,0.67,1.53%,680800
SPYU,11/4/24,44.37,44.78,43.36,43.93,-0.41,-0.92%,784800
SPYU,11/5/24,44.23,46.02,44.16,46.02,2.09,4.76%,558400
SPYU,11/6/24,50,50.85,48.79,50.55,4.53,9.84%,1355800
SPYU,11/7/24,51.24,52.42,51.21,52.05,1.5,2.97%,804600
SPYU,11/8/24,52.1,53.33,52.1,52.84,0.79,1.52%,621800
SPYU,11/11/24,53.42,53.53,52.42,53,0.16,0.30%,772900
SPYU,11/12/24,52.98,53.16,51.48,52.34,-0.66,-1.25%,633500
SPYU,11/13/24,52.46,53.1,51.63,52.36,0.02,0.04%,391700
SPYU,11/14/24,52.4,52.55,50.82,51.01,-1.35,-2.58%,658200
SPYU,11/15/24,49.65,49.73,47.62,48.27,-2.74,-5.37%,1055700
SPYU,11/18/24,48.39,49.45,48.1,48.99,0.72,1.49%,634900
SPYU,11/19/24,47.82,49.94,47.62,49.65,0.66,1.35%,812100
SPYU,11/20/24,49.68,49.78,47.77,49.69,0.04,0.08%,894500
SPYU,11/21/24,50.64,51.2,48.68,50.68,0.99,1.99%,993900
SPYU,11/22/24,50.61,51.45,50.46,51.2,0.52,1.03%,749900
SPYU,11/25/24,52.58,53.03,51.1,51.9,0.7,1.37%,768091
SPYU,11/26/24,52.28,53.1444,52,52.93,1.03,1.98%,695270
SPYU,11/27/24,52.81,52.9093,51.67,52.17,-0.76,-1.44%,623500
SPYU,11/29/24,52.38,53.6594,52.32,53.26,1.09,2.09%,361100
SPYU,12/2/24,53.52,53.96,53.34,53.75,0.49,0.92%,786900
SPYU,12/3/24,53.63,53.8626,53.262,53.74,-0.01,-0.02%,384000
SPYU,12/4/24,54.33,55.121,54.14,55.02,1.28,2.38%,745800
SPYU,12/5/24,55.06,55.34,54.51,54.68,-0.34,-0.62%,437000
SPYU,12/6/24,54.85,55.3935,54.6744,54.98,0.3,0.55%,361400
SPYU,12/9/24,54.88,54.93,53.5705,53.76,-1.22,-2.22%,535800
SPYU,12/10/24,53.99,54.0999,52.85,53.09,-0.67,-1.25%,424100
SPYU,12/11/24,54.04,54.99,53.98,54.65,1.56,2.94%,366900
SPYU,12/12/24,54.32,54.5,53.49,53.49,-1.16,-2.12%,376200
SPYU,12/13/24,54.08,54.3401,52.8207,53.29,-0.2,-0.37%,476700
SPYU,12/16/24,53.9,54.52,53.6345,54.19,0.9,1.69%,417800
SPYU,12/17/24,53.2,53.55,52.72,53.21,-0.98,-1.81%,436800
SPYU,12/18/24,53.09,53.95,46.7,46.88,-6.33,-11.90%,1314400
SPYU,12/19/24,48.45,48.92,46.7099,46.71,-0.17,-0.36%,890600
SPYU,12/20/24,45.86,50.34,45.66,48.8,2.09,4.47%,1478400
SPYU,12/23/24,48.76,50.175,47.71,50.05,1.25,2.56%,854100
SPYU,12/24/24,50.39,52.1311,50.1997,51.97,1.92,3.84%,441500
SPYU,12/26/24,51.48,52.5,50.96,52.1,0.13,0.25%,434600
SPYU,12/27/24,50.65,50.72,48.34,49.82,-2.28,-4.38%,1102500
SPYU,12/30/24,47.42,48.61,46.23,47.57,-2.25,-4.52%,901200
SPYU,12/31/24,47.99,48.18,46.2,46.73,-0.84,-1.77%,1098800
SPYU,1/2/25,47.73,48.2794,44.94,46.23,-0.5,-1.07%,1066600
SPYU,1/3/25,47.05,48.6285,46.6831,48.37,2.14,4.63%,725800
SPYU,1/6/25,49.78,50.92,48.95,49.48,1.11,2.29%,637500
SPYU,1/7/25,50.13,50.2517,46.64,47.27,-2.21,-4.47%,1565000
SPYU,1/8/25,47.26,47.81,46.09,47.41,0.14,0.30%,1610100
SPYU,1/10/25,46.16,46.1678,43.81,44.44,-2.97,-6.26%,1854600
SPYU,1/13/25,42.97,44.77,42.85,44.71,0.27,0.61%,1173200
SPYU,1/14/25,45.54,45.73,43.75,44.88,0.17,0.38%,1239700
SPYU,1/15/25,47.32,48.4117,46.97,48.07,3.19,7.11%,885300
SPYU,1/16/25,48.5,48.56,47.48,47.68,-0.39,-0.81%,760100
SPYU,1/17/25,49.28,50.03,48.8589,49.37,1.69,3.54%,1046700
SPYU,1/21/25,50.45,51.18,49.79,51.15,1.78,3.61%,624600
SPYU,1/22/25,52.16,52.8,52.01,52.27,1.12,2.19%,459100
SPYU,1/23/25,52.05,53.39,51.99,53.39,1.12,2.14%,412100
SPYU,1/24/25,53.35,53.64,52.3,52.65,-0.74,-1.39%,319200
SPYU,1/27/25,48.12,49.7516,48.03,49.71,-2.94,-5.58%,958400
SPYU,1/28/25,50.03,51.59,48.96,51.33,1.62,3.26%,526800
SPYU,1/29/25,51.02,51.15,49.4425,50.38,-0.95,-1.85%,732200
SPYU,1/30/25,51.03,51.89,50,51.41,1.03,2.04%,712900
SPYU,1/31/25,52.12,52.95,49.96,50.19,-1.22,-2.37%,720800
SPYU,2/3/25,47.03,49.6399,46.38,48.79,-1.4,-2.79%,1027900
SPYU,2/4/25,48.76,50.21,48.65,50.01,1.22,2.50%,482800
SPYU,2/5/25,49.67,50.85,48.96,50.83,0.82,1.64%,407700
SPYU,2/6/25,51.38,51.51,50.28,51.48,0.65,1.28%,448400
SPYU,2/7/25,51.56,51.95,49.25,49.52,-1.96,-3.81%,632500
SPYU,2/10/25,50.5,50.9991,50.11,50.8,1.28,2.58%,385300
SPYU,2/11/25,50,51.08,49.95,50.86,0.06,0.12%,269700
SPYU,2/12/25,48.83,50.638,48.6113,50.2,-0.66,-1.30%,492400
SPYU,2/13/25,50.59,52.335,50.14,52.24,2.04,4.06%,684100
SPYU,2/14/25,52.22,52.5567,51.92,52.1,-0.14,-0.27%,389300
SPYU,2/18/25,52.5,52.67,51.63,52.64,0.54,1.04%,380800
SPYU,2/19/25,52.13,53.2396,51.99,53.07,0.43,0.82%,329700
SPYU,2/20/25,52.64,52.67,51.1,52.19,-0.88,-1.66%,552800
SPYU,2/21/25,52.1,52.22,48.4301,48.79,-3.4,-6.51%,1671600
SPYU,2/24/25,49.15,49.4799,47.3801,47.6,-1.19,-2.44%,655100
SPYU,2/25/25,47.56,47.7567,45.1353,46.62,-0.98,-2.06%,730900
SPYU,2/26/25,47.11,48.24,45.84,46.65,0.03,0.06%,669600
SPYU,2/27/25,47.36,47.71,43.53,43.62,-3.03,-6.50%,997300
SPYU,2/28/25,43.71,46.41,42.7501,46.2,2.58,5.91%,715100
SPYU,3/3/25,46.82,47.2,41.75,43.01,-3.19,-6.90%,1012700
SPYU,3/4/25,41.74,43.395,39.55,40.88,-2.13,-4.95%,1672000
SPYU,3/5/25,40.8,43.1472,39.82,42.63,1.75,4.28%,1234700
SPYU,3/6/25,40.39,41.74,38.81,39.64,-2.99,-7.01%,1306500
SPYU,3/7/25,38.98,40.73,37.53,40.39,0.75,1.89%,1346745
SPYU,3/10/25,37.99,38.5,34.6108,36.13,-4.26,-10.55%,1419800
SPYU,3/11/25,35.7,36.5299,33.8,34.85,-1.28,-3.54%,1441200
SPYU,3/12/25,36.34,36.5501,34.28,35.51,0.66,1.89%,1188400
SPYU,3/13/25,35.39,35.5232,33.1402,33.55,-1.96,-5.52%,1356000
SPYU,3/14/25,34.64,36.52,34.4601,36.23,2.68,7.99%,1090500
SPYU,3/17/25,36.2,38.0195,36.1388,37.3,1.07,2.95%,879600
SPYU,3/18/25,36.7,36.76,35.24,35.68,-1.62,-4.34%,938900
SPYU,3/19/25,36.15,38.164,35.86,37.19,1.51,4.23%,1357300
SPYU,3/20/25,36.23,38.1181,36.04,36.8,-0.39,-1.05%,976700
SPYU,3/21/25,35.52,36.99,35.2,36.76,-0.04,-0.11%,999600
SPYU,3/24/25,38.48,39.5889,38.36,39.3,2.54,6.91%,908800
SPYU,3/25/25,39.66,39.9599,39.25,39.65,0.35,0.89%,785500
SPYU,3/26/25,39.62,39.87,37.39,37.81,-1.84,-4.64%,1040400
SPYU,3/27/25,37.38,38.3591,36.79,37.34,-0.47,-1.24%,1004700
SPYU,3/28/25,36.84,37.03,34.08,34.37,-2.97,-7.95%,1639000
SPYU,3/31/25,32.79,35.4,32.07,35.06,0.69,2.01%,1520300
SPYU,4/1/25,34.64,36,33.6809,35.54,0.48,1.37%,1473500
SPYU,4/2/25,34,37.1,33.92,36.42,0.88,2.48%,1871900
SPYU,4/3/25,31.34,32.0792,29.2122,29.55,-6.87,-18.86%,2405700
SPYU,4/4/25,26.36,26.71,22.33,22.38,-7.17,-24.26%,4231300
SPYU,4/7/25,19.42,25.53,18.15,22.23,-0.15,-0.67%,4370600
SPYU,4/8/25,25.16,25.68,19.41,20.76,-1.47,-6.61%,4126700
SPYU,4/9/25,20.18,28.9493,20.09,28.48,7.72,37.19%,6159300
SPYU,4/10/25,26.13,26.36,21.37,24.54,-3.94,-13.83%,4239000
SPYU,4/11/25,24.16,26.6787,23.63,26.19,1.65,6.72%,2225400
SPYU,4/14/25,28.16,28.2389,26.17,27.15,0.96,3.67%,2287900
SPYU,4/15/25,27.28,28,26.73,26.89,-0.26,-0.96%,1788700
SPYU,4/16/25,25.65,26.33,23.38,24.51,-2.38,-8.85%,2746400
SPYU,4/17/25,24.8,25.4153,24.08,24.4,-0.11,-0.45%,1498000
SPYU,4/21/25,23.55,23.62,21.1736,22.23,-2.17,-8.89%,2798600
SPYU,4/22/25,23.25,24.82,23.08,24.42,2.19,9.85%,3395400
SPYU,4/23/25,26.9,27.79,25.69,25.92,1.5,6.14%,3307500
SPYU,4/24/25,26.21,28.23,25.9601,28.08,2.16,8.33%,2188100
SPYU,4/25/25,28.08,28.97,27.46,28.83,0.75,2.67%,2294900
SPYU,4/28/25,29.03,29.4607,27.71,28.91,0.08,0.28%,2155500
SPYU,4/29/25,28.5,29.8499,28.401,29.62,0.71,2.46%,2072100
SPYU,4/30/25,28.15,30.0199,26.8312,29.74,0.12,0.41%,3515700
SPYU,5/1/25,30.87,31.635,30.33,30.44,0.7,2.35%,2183500
SPYU,5/2/25,31.77,32.545,31.24,32.13,1.69,5.55%,1967600
SPYU,5/5/25,31.2,32.14,31.0417,31.41,-0.72,-2.24%,1405900
SPYU,5/6/25,30.16,31.33,29.941,30.42,-0.99,-3.15%,1693500
SPYU,5/7/25,30.64,31.4,29.725,30.86,0.44,1.45%,1996400
SPYU,5/8/25,31.73,32.83,30.96,31.62,0.76,2.46%,2209900
SPYU,5/9/25,31.91,32.14,31.12,31.4,-0.22,-0.70%,1238600
SPYU,5/12/25,35.26,35.56,34.241,35.49,4.09,13.03%,2646100
SPYU,5/13/25,35.66,37.04,35.53,36.46,0.97,2.73%,1181700
SPYU,5/14/25,36.73,36.9971,36.151,36.61,0.15,0.41%,1379400
SPYU,5/15/25,36.12,37.465,36,37.3,0.69,1.88%,1323900
SPYU,5/16/25,37.46,38.25,36.9504,38.11,0.81,2.17%,1238900
SPYU,5/19/25,36.61,38.5,36.58,38.24,0.13,0.34%,1706600
SPYU,5/20/25,37.84,38.09,36.95,37.73,-0.51,-1.33%,1927300
SPYU,5/21/25,36.63,37.67,34.94,35.25,-2.48,-6.57%,2737600
SPYU,5/22/25,35.14,36.07,34.83,35.22,-0.03,-0.09%,1808300
SPYU,5/23/25,33.4,34.8,33.36,34.31,-0.91,-2.58%,1462500
SPYU,5/27/25,35.78,37,35.3899,36.92,2.61,7.61%,1473800
SPYU,5/28/25,37.06,37.355,35.91,36.08,-0.84,-2.28%,1778400
SPYU,5/29/25,37.38,37.39,35.67,36.58,0.5,1.39%,1871000
SPYU,5/30/25,36.27,36.8,34.91,36.37,-0.21,-0.57%,1887700
SPYU,6/2/25,35.96,37.16,35.31,37.14,0.77,2.12%,1165200
SPYU,6/3/25,37.04,38.2393,36.95,37.98,0.84,2.26%,1671000
SPYU,6/4/25,38.2,38.44,37.85,37.86,-0.12,-0.32%,970200
SPYU,6/5/25,38.34,38.6699,36.6305,37.03,-0.83,-2.19%,1889900
SPYU,6/6/25,38.47,39.0128,38.0205,38.53,1.5,4.05%,1332600
SPYU,6/9/25,38.71,39.16,38.4248,38.66,0.13,0.34%,746100
SPYU,6/10/25,38.8,39.64,38.5708,39.49,0.83,2.15%,1260800
SPYU,6/11/25,39.83,40.03,38.5478,39.09,-0.4,-1.01%,1627200
SPYU,6/12/25,38.72,39.66,38.58,39.61,0.52,1.33%,1056400
SPYU,6/13/25,38.18,39.05,37.3947,37.8,-1.81,-4.57%,1840700
SPYU,6/16/25,38.63,39.65,38.615,39.22,1.42,3.76%,985300
SPYU,6/17/25,38.54,38.925,37.64,37.82,-1.4,-3.57%,1160500
SPYU,6/18/25,38.02,38.71,37.54,37.76,-0.06,-0.16%,965600
SPYU,6/20/25,38.37,38.62,36.96,37.25,-0.51,-1.35%,1306800
SPYU,6/23/25,37.47,38.8301,36.71,38.71,1.46,3.92%,1503000
SPYU,6/24/25,39.82,40.69,39.59,40.47,1.76,4.55%,946200
SPYU,6/25/25,40.72,40.85,40.08,40.52,0.05,0.12%,833900
SPYU,6/26/25,40.96,41.82,40.8001,41.75,1.23,3.04%,944000
SPYU,6/27/25,41.93,42.87,41.323,42.4,0.65,1.56%,1245600
SPYU,6/30/25,43.105,43.5816,42.47,43.21,0.81,1.91%,1023800
SPYU,7/1/25,42.76,43.47,42.5404,43.09,-0.12,-0.28%,833400
SPYU,7/2/25,42.98,43.86,42.83,43.86,0.77,1.79%,958200
SPYU,7/3/25,44.33,45.3694,44.33,45.07,1.21,2.76%,765900
SPYU,7/7/25,44.53,44.6898,42.95,43.79,-1.28,-2.84%,1068300
SPYU,7/8/25,43.9,44.1,43.4,43.64,-0.15,-0.34%,740000
SPYU,7/9/25,44.25,44.8,43.77,44.64,1,2.29%,806300
SPYU,7/10/25,44.63,45.4,44.3,45.11,0.47,1.05%,542400
SPYU,7/11/25,44.11,44.6999,43.76,44.35,-0.76,-1.68%,715800
SPYU,7/14/25,44.22,44.74,43.81,44.65,0.3,0.68%,638200
SPYU,7/15/25,45.41,45.48,43.85,43.89,-0.76,-1.70%,805500
SPYU,7/16/25,44.29,44.521,42.69,44.41,0.52,1.18%,952400
SPYU,7/17/25,44.45,45.55,44.375,45.41,1,2.25%,779600
SPYU,7/18/25,45.73,45.73,44.9201,45.21,-0.2,-0.44%,657100
SPYU,7/21/25,45.53,46.3299,45.4,45.51,0.3,0.66%,565500
SPYU,7/22/25,45.56,45.73,44.77,45.46,-0.05,-0.11%,590200
SPYU,7/23/25,46.26,47.1,45.725,47.04,1.58,3.48%,669100
SPYU,7/24/25,47.1,47.55,46.951,47.06,0.02,0.04%,439100
SPYU,7/25/25,47.12,47.89,47.09,47.83,0.77,1.64%,490800
SPYU,7/28/25,47.86,47.985,47.2861,47.71,-0.12,-0.25%,624800
SPYU,7/29/25,48.04,48.12,46.8405,47.14,-0.57,-1.19%,612800
SPYU,7/30/25,47.29,47.76,45.985,46.84,-0.3,-0.64%,732400
SPYU,7/31/25,48.3,48.4,45.73,46.11,-0.73,-1.56%,1071400
SPYU,8/1/25,44.29,44.3,42.28,43,-3.11,-6.74%,1295100
SPYU,8/4/25,44,45.56,44,45.51,2.51,5.84%,470100
SPYU,8/5/25,45.72,45.925,44.3477,44.61,-0.9,-1.98%,734400
SPYU,8/6/25,44.88,46.1,44.6111,45.88,1.27,2.85%,572500
SPYU,8/7/25,46.92,47.109,44.83,45.77,-0.11,-0.24%,964300
SPYU,8/8/25,46.14,47.19,46.1297,47.01,1.24,2.71%,584900
SPYU,8/11/25,47.11,47.52,46.28,46.64,-0.37,-0.79%,503500
SPYU,8/12/25,47.31,48.63,46.88,48.57,1.93,4.14%,1125500
SPYU,8/13/25,49.24,49.6029,48.58,49.19,0.62,1.28%,570500
SPYU,8/14/25,48.52,49.38,48.4028,49.16,-0.03,-0.06%,588600
SPYU,8/15/25,49.42,49.43,48.37,48.64,-0.52,-1.06%,522400
SPYU,8/18/25,48.39,48.72,48.21,48.55,-0.09,-0.19%,286400
SPYU,8/19/25,48.47,48.74,47.05,47.41,-1.14,-2.35%,755000
SPYU,8/20/25,47.28,47.34,45.38,46.91,-0.5,-1.05%,1034800
SPYU,8/21/25,46.31,46.82,45.6205,46.13,-0.78,-1.66%,785200
SPYU,8/22/25,46.65,49.18,46.525,48.8,2.67,5.79%,867900
SPYU,8/25/25,48.4,48.79,47.89,47.97,-0.83,-1.70%,486200
SPYU,8/26/25,47.81,48.803,47.64,48.67,0.7,1.46%,459500
SPYU,8/27/25,48.48,49.32,48.46,49.07,0.4,0.82%,380700
SPYU,8/28/25,49.28,49.92,48.72,49.73,0.66,1.35%,549100
SPYU,8/29/25,49.18,49.29,47.84,48.45,-1.28,-2.57%,523900
SPYU,9/2/25,46.12,47,45.35,46.98,-1.47,-3.03%,1193800
SPYU,9/3/25,47.63,48.04,46.96,47.88,0.9,1.92%,544600
SPYU,9/4/25,48.11,49.48,47.84,49.43,1.55,3.24%,652900
SPYU,9/5/25,50.11,50.32,47.64,48.8,-0.63,-1.27%,1087400
SPYU,9/8/25,49.16,49.54,48.79,49.22,0.42,0.86%,372200
SPYU,9/9/25,49.26,49.8,48.72,49.64,0.42,0.85%,439200
SPYU,9/10/25,50.65,50.9,49.73,50.18,0.54,1.09%,517500
SPYU,9/11/25,50.78,52.03,50.62,51.8,1.62,3.23%,586200
SPYU,9/12/25,51.71,52.175,51.4765,51.64,-0.16,-0.31%,330400
SPYU,9/15/25,52.28,52.74,52.2104,52.65,1.01,1.96%,326900
SPYU,9/16/25,52.82,52.93,52.1398,52.32,-0.33,-0.63%,266600
SPYU,9/17/25,52.35,52.8792,50.54,52.08,-0.24,-0.46%,809800
SPYU,9/18/25,52.89,53.81,52.395,52.98,0.9,1.73%,563700
SPYU,9/19/25,53.5,54.16,52.8898,53.86,0.88,1.66%,489000
SPYU,9/22/25,53.38,55.03,53.38,54.85,0.99,1.84%,410500
SPYU,9/23/25,54.81,55.02,53.28,53.71,-1.14,-2.08%,481200
SPYU,9/24/25,54.06,54.06,52.49,52.95,-0.76,-1.42%,457700
SPYU,9/25/25,51.91,52.34,50.7799,51.91,-1.04,-1.96%,687000
SPYU,9/26/25,52.25,53.18,51.79,52.94,1.03,1.98%,612000
SPYU,9/29/25,53.78,54.03,52.97,53.54,0.6,1.13%,463000
SPYU,9/30/25,53.28,54.45,52.84,54.28,0.74,1.38%,404700
SPYU,10/1/25,53.3,55.31,53.27,55.01,0.73,1.34%,589600
SPYU,10/2/25,55.64,55.655,54.43,55.19,0.18,0.33%,390000
SPYU,10/3/25,55.33,56.23,54.77,55.05,-0.14,-0.25%,673200
SPYU,10/6/25,55.86,56.125,55.1701,55.8,0.75,1.36%,492700
SPYU,10/7/25,56.09,56.25,54.491,54.95,-0.85,-1.52%,461500
SPYU,10/8/25,55.31,56.25,55.0973,56.19,1.24,2.26%,443300
SPYU,10/9/25,56.34,56.455,54.9,55.55,-0.64,-1.14%,379200
SPYU,10/10/25,55.71,56.2827,49.66,49.67,-5.88,-10.59%,1554400
SPYU,10/13/25,51.67,52.8839,51.42,52.37,2.7,5.44%,683700
SPYU,10/14/25,50.39,53.2035,49.27,52.1,-0.27,-0.52%,980200
SPYU,10/15/25,53.49,54.56,51.04,52.92,0.82,1.57%,730200
SPYU,10/16/25,53.44,54.05,50.4,51.51,-1.41,-2.66%,877200
SPYU,10/17/25,51.01,52.95,50.58,52.5,0.99,1.92%,990700
SPYU,10/20/25,53.41,54.97,53.41,54.65,2.15,4.10%,421000
SPYU,10/21/25,54.69,55.16,54.25,54.6,-0.05,-0.09%,338800
SPYU,10/22/25,54.83,54.83,52.02,53.43,-1.17,-2.14%,817000
SPYU,10/23/25,53.48,54.9894,53.39,54.64,1.21,2.26%,564700
SPYU,10/24/25,56.1,56.75,55.85,56.29,1.65,3.02%,455600
SPYU,10/27/25,58.14,59.0537,57.95,58.92,2.63,4.67%,375500
SPYU,10/28/25,59.58,60.185,58.8501,59.51,0.59,1.00%,558000
SPYU,10/29/25,60.1,60.4185,58.07,59.6,0.09,0.15%,813700
SPYU,10/30/25,58.36,59.05,56.97,57.03,-2.57,-4.31%,757400
SPYU,10/31/25,58.58,58.58,56.64,57.56,0.53,0.93%,662500
SPYU,11/3/25,58.75,58.79,56.8304,57.95,0.39,0.68%,627900
SPYU,11/4/25,55.47,56.7605,54.95,55.25,-2.7,-4.66%,699300